game_id,attendance,day_of_month,month_of_year,year,ref_name,ref_country,stadium,stadium_city,stage,team1,team2,stadium_lat,stadium_long
1,25000,27,5,1934,René Mercet ,SWI,Stadio Nazionale del PNF ,Roma,FIRST ROUND,Italy,USA,41.927222,12.472222
2,16000,27,5,1934,John van Moorsel ,NED,Benito Mussolini ,Torino,FIRST ROUND,Austria,France,45.04175,7.650014
3,8000,27,5,1934,Francesco Mattea ,ITA,Giovanni Berta ,Firenze,FIRST ROUND,Germany,Belgium,43.780822,11.282258
4,9000,27,5,1934,Jean Langenus ,BEL,Stadio del Littorio ,Trieste,FIRST ROUND,Czechoslovakia,Romania,44.415833,8.870556
5,33000,27,5,1934,Ivan Eklind ,SWE,San Siro ,Milano,FIRST ROUND,Switzerland,Netherlands,45.47808,9.124
6,14000,27,5,1934,Erwin Braun ,AUT,Stadio Littoriale ,Bologna,FIRST ROUND,Sweden,Argentina,44.5075,11.351389
7,21000,27,5,1934,Alfred Birlem ,GER,Luigi Ferraris ,Genova,FIRST ROUND,Spain,Brazil,44.416431,8.952428
8,9000,27,5,1934,Rinaldo Barlassina ,ITA,Giorgio Ascarelli ,Napoli,FIRST ROUND,Hungary,Egypt,40.859722,14.293333
9,23000,31,5,1934,Francesco Mattea ,ITA,Stadio Littoriale ,Bologna,1/4 FINAL,Austria,Hungary,44.5075,11.351389
10,12000,31,5,1934,Alois Beranek ,AUT,Benito Mussolini ,Torino,1/4 FINAL,Czechoslovakia,Switzerland,45.04175,7.650014
11,15000,31,5,1934,Rinaldo Barlassina ,ITA,San Siro ,Milano,1/4 FINAL,Germany,Sweden,45.47808,9.124
12,35000,31,5,1934,Louis Baert ,BEL,Giovanni Berta ,Firenze,1/4 FINAL,Italy,Spain,43.780822,11.282258
13,43000,1,6,1934,René Mercet ,SWI,Giovanni Berta ,Firenze,1/4 FINAL â TIE-BREAK,Italy,Spain,43.780822,11.282258
14,60000,3,6,1934,Ivan Eklind ,SWE,San Siro ,Milano,1/2 FINAL,Italy,Austria,45.47808,9.124
15,15000,3,6,1934,Rinaldo Barlassina ,ITA,Stadio Nazionale del PNF ,Roma,1/2 FINAL,Czechoslovakia,Germany,41.927222,12.472222
16,7000,7,6,1934,Albino Carraro ,ITA,Giorgio Ascarelli ,Napoli,PLACES 3-4,Germany,Austria,40.859722,14.293333
17,50000,10,6,1934,Ivan Eklind,SWE,Stadio Nazionale del PNF ,Roma,FINAL,Italy,Czechoslovakia,41.927222,12.472222
18,34107,8,6,1958,Nikolaj Latyshev ,USSR,Råsunda ,Solna Stockholm, GROUP STAGE,Sweden,Mexico,59.362742,17.996308
19,31156,8,6,1958,Reginald Leafe ,ENG,Malmö Stadion ,Malmö, GROUP STAGE,FRG,Argentina,55.586081,12.989267
20,10647,8,6,1958,Fritz Seipelt ,AUT,Örjans Vall ,Halmstad, GROUP STAGE,Northern Ireland,Czechoslovakia,56.684167,12.866389
21,16518,8,6,1958,Juan Gardeazábal ,SPA,Idrottsparken ,Norrköping, GROUP STAGE,France,Paraguay,58.584306,16.173056
22,9591,8,6,1958,Paul Wyssling ,SWI,Arosvallen ,Västerås, GROUP STAGE,Yugoslavia,Scotland,59.620556,16.541111
23,15343,8,6,1958,José MarÃ­a Codesal ,URU,Jernvallen ,Sandviken, GROUP STAGE,Hungary,Wales,60.616667,16.783333
24,49348,8,6,1958,István Zsolt ,HUN,Nya Ullevi ,Göteborg, GROUP STAGE,England,Soviet Union,57.705833,11.987222
25,17778,8,6,1958,Maurice Guigue ,FRA,Rimnersvallen ,Uddevalla, GROUP STAGE,Brazil,Austria,58.356667,11.95
26,31156,11,6,1958,Arthur Ellis ,ENG,Olympiastadion ,Helsingborg, GROUP STAGE,FRG,Czechoslovakia,59.34535,18.079044
27,14174,11,6,1958,Sten Ahlner ,SWE,Örjans Vall ,Halmstad, GROUP STAGE,Argentina,Northern Ireland,56.684167,12.866389
28,11665,11,6,1958,Vincenzo Orlandini ,ITA,Idrottsparken ,Norrköping, GROUP STAGE,Paraguay,Scotland,58.584306,16.173056
29,12217,11,6,1958,Mervyn Griffiths ,WAL,Arosvallen ,Västerås, GROUP STAGE,Yugoslavia,France,59.620556,16.541111
30,15150,11,6,1958,Leo LemeÅ¡iÄ ,YUG,Råsunda ,Solna Stockholm, GROUP STAGE,Wales,Mexico,59.362742,17.996308
31,40895,11,6,1958,Albert Dusch ,FRG,Nya Ullevi ,Göteborg, GROUP STAGE,Brazil,England,57.705833,11.987222
32,21239,11,6,1958,Carl Jørgensen ,DEN,Ryavallen ,Borås, GROUP STAGE,Soviet Union,Austria,57.721111,12.940278
33,38850,12,6,1958,John Mowatt ,SCO,Råsunda ,Solna Stockholm, GROUP STAGE,Sweden,Hungary,59.362742,17.996308
34,30287,15,6,1958,Lucien van Nuffel ,BEL,Råsunda ,Solna Stockholm, GROUP STAGE,Sweden,Wales,59.362742,17.996308
35,21990,15,6,1958,Joaquim Fernandes Campos ,POR,Malmö Stadion ,Malmö, GROUP STAGE,FRG,Northern Ireland,55.586081,12.989267
36,16418,15,6,1958,Arthur Ellis ,ENG,Olympiastadion ,Helsingborg, GROUP STAGE,Czechoslovakia,Argentina,59.34535,18.079044
37,13554,15,6,1958,Juan Regis Brozzi ,ARG,Eyravallen ,Ãrebro, GROUP STAGE,France,Scotland,59.266111,15.223056
38,13103,15,6,1958,Martin Mêko ,CZE,Tunavallen ,Eskilstuna, GROUP STAGE,Yugoslavia,Paraguay,59.370667,16.495
39,13310,15,6,1958,Aarne Eriksson ,FIN,Jernvallen ,Sandviken, GROUP STAGE,Hungary,Mexico,60.616667,16.783333
40,50928,15,6,1958,Maurice Guigue ,FRA,Nya Ullevi ,Göteborg, GROUP STAGE,Brazil,Soviet Union,57.705833,11.987222
41,15872,15,6,1958,Jan Bronkhorst ,NED,Ryavallen ,Borås, GROUP STAGE,England,Austria,57.721111,12.940278
42,6196,17,6,1958,Maurice Guigue ,FRA,Malmö Stadion ,Malmö, GROUP STAGE â TIE-BREAK,Northern Ireland,Czechoslovakia,55.586081,12.989267
43,2823,17,6,1958,Nikolaj Latyshev ,USSR,Råsunda ,Solna Stockholm, GROUP STAGE â TIE-BREAK,Wales,Hungary,59.362742,17.996308
44,23182,17,6,1958,Albert Dusch ,FRG,Nya Ullevi ,Göteborg, GROUP STAGE â TIE-BREAK,Soviet Union,England,57.705833,11.987222
45,31900,19,6,1958,Reginald Leafe ,ENG,Råsunda ,Solna Stockholm, 1/4 FINAL,Sweden,Soviet Union,59.362742,17.996308
46,20055,19,6,1958,Paul Wyssling ,SWI,Malmö Stadion ,Malmö, 1/4 FINAL,FRG,Yugoslavia,55.586081,12.989267
47,11800,19,6,1958,Juan Gardeazábal ,SPA,Idrottsparken ,Norrköping, 1/4 FINAL,France,Northern Ireland,58.584306,16.173056
48,25923,19,6,1958,Fritz Seipelt ,AUT,Nya Ullevi ,Göteborg, 1/4 FINAL,Brazil,Wales,57.705833,11.987222
49,49471,24,6,1958,István Zsolt ,HUN,Nya Ullevi ,Göteborg, 1/2 FINAL,Sweden,FRG,57.705833,11.987222
50,27100,24,6,1958,Mervyn Griffiths ,WAL,Råsunda ,Solna Stockholm, 1/2 FINAL,Brazil,France,59.362742,17.996308
51,32482,28,6,1958,Juan Regis Brozzi ,ARG,Nya Ullevi ,Göteborg, PLACES 3-4,France,FRG,57.705833,11.987222
52,49737,29,6,1958,Maurice Guigue ,FRA,Råsunda ,Solna Stockholm, FINAL,Brazil,Sweden,59.362742,17.996308
53,95000,13,6,1982,VojtÄch Christov ,CZE,Camp Nou ,Barcelona,GROUP STAGE (FIRST      ROUND),Argentina,Belgium,41.38087,2.122802
54,22000,14,6,1982,Michel Vautrot ,FRA,Badalona ,Vigo,GROUP STAGE (FIRST      ROUND),Italy,Poland,41.442414,2.232144
55,50000,14,6,1982,Augusto Lamo Castillo ,SPA,Ramón Sánchez Pizjuán ,Sevilla,GROUP STAGE (FIRST      ROUND),Brazil,Soviet Union,37.384,-5.9705
56,15000,15,6,1982,Franz Wöhrer ,AUT,Riazor ,La Coruña,GROUP STAGE (FIRST      ROUND),Peru,Cameroon,43.368714,-8.417516
57,23000,15,6,1982,Ibrahim Al-Doy ,BHR,Nuevo Estadio ,Elche,GROUP STAGE (FIRST      ROUND),Hungary,El Salvador,40.45306,-3.68835
58,22000,15,6,1982,David Socha ,USA,La Rosaleda ,Málaga,GROUP STAGE (FIRST      ROUND),Scotland,New Zealand,36.734092,-4.426422
59,25000,16,6,1982,Enrique Labó ,PER,El Molinón ,Gijón,GROUP STAGE (FIRST      ROUND),FRG,Algeria,43.536111,-5.637222
60,44172,16,6,1982,António José da Silva Garrido ,POR,San Mamés ,Bilbao,GROUP STAGE (FIRST      ROUND),England,France,43.263506,-2.948392
61,49562,16,6,1982,Arturo Andrés Iturralde ,ARG,Luis Casanova ,Valencia,GROUP STAGE (FIRST      ROUND),Spain,Honduras,39.474656,-0.358361
62,22000,17,6,1982,Juan Daniel Cardellino ,URU,Carlos Tartiere ,Oviedo,GROUP STAGE (FIRST      ROUND),Chile,Austria,43.360783,-5.870222
63,12000,17,6,1982,Benjamin Dwomoh ,GHA,Nuevo José Zorrilla ,Valladolid,GROUP STAGE (FIRST      ROUND),Czechoslovakia,Kuwait,41.644444,-4.761111
64,18000,17,6,1982,Erik Fredriksson ,SWE,La Romareda ,Zaragoza,GROUP STAGE (FIRST      ROUND),Yugoslavia,Northern Ireland,41.636592,-0.901822
65,25000,18,6,1982,Walter Eschweiler ,FRG,Badalona ,Vigo,GROUP STAGE (FIRST      ROUND),Italy,Peru,41.442414,2.232144
66,32093,18,6,1982,BelaÃ¯d Lacarne ,ALG,José Rico Pérez ,Alicante,GROUP STAGE (FIRST      ROUND),Argentina,Hungary,38.357222,-0.4925
67,47379,18,6,1982,Luis Paulino Siles ,CRC,Estadio Benito Villamarín ,Sevilla,GROUP STAGE (FIRST      ROUND),Brazil,Scotland,37.356389,-5.981389
68,12000,19,6,1982,Alexis Ponnet ,BEL,Riazor ,La Coruña,GROUP STAGE (FIRST      ROUND),Poland,Cameroon,43.368714,-8.417516
69,6000,19,6,1982,Malcolm Moffatt ,NIR,Nuevo Estadio ,Elche,GROUP STAGE (FIRST      ROUND),Belgium,El Salvador,40.45306,-3.68835
70,17000,19,6,1982,Yousef el-Ghoul ,LYB,La Rosaleda ,Málaga,GROUP STAGE (FIRST      ROUND),Soviet Union,New Zealand,36.734092,-4.426422
71,40000,20,6,1982,Bruno Galler ,SWI,El Molinón ,Gijón,GROUP STAGE (FIRST      ROUND),FRG,Chile,43.536111,-5.637222
72,44182,20,6,1982,Charles Corver ,NED,San Mamés ,Bilbao,GROUP STAGE (FIRST      ROUND),England,Czechoslovakia,43.263506,-2.948392
73,47500,20,6,1982,Henning Lund-SÃ¸rensen ,DEN,Luis Casanova ,Valencia,GROUP STAGE (FIRST      ROUND),Spain,Yugoslavia,39.474656,-0.358361
74,22000,21,6,1982,Tony BoÅ¡koviÄ ,AUS,Carlos Tartiere ,Oviedo,GROUP STAGE (FIRST      ROUND),Algeria,Austria,43.360783,-5.870222
75,30043,21,6,1982,Miroslav Stupar ,USSR,Nuevo José Zorrilla ,Valladolid,GROUP STAGE (FIRST      ROUND),France,Kuwait,41.644444,-4.761111
76,15000,21,6,1982,Chan Tam-Sun ,HKG,La Romareda ,Zaragoza,GROUP STAGE (FIRST      ROUND),Honduras,Northern Ireland,41.636592,-0.901822
77,16000,22,6,1982,Mario Rubio ,MEX,Riazor ,La Coruña,GROUP STAGE (FIRST      ROUND),Poland,Peru,43.368714,-8.417516
78,22000,22,6,1982,Clive White ,ENG,Nuevo Estadio ,Elche,GROUP STAGE (FIRST      ROUND),Belgium,Hungary,40.45306,-3.68835
79,30000,22,6,1982,Nicolae Rainea ,ROM,La Rosaleda ,Málaga,GROUP STAGE (FIRST      ROUND),Soviet Union,Scotland,36.734092,-4.426422
80,17000,23,6,1982,Bogdan Dochev ,BUL,Badalona ,Vigo,GROUP STAGE (FIRST ROUND) ,Italy,Cameroon,41.442414,2.232144
81,18000,23,6,1982,Luis Barrancos ,BOL,José Rico Pérez ,Alicante,GROUP STAGE (FIRST      ROUND),Argentina,El Salvador,38.357222,-0.4925
82,32000,23,6,1982,Damir MatovinoviÄ ,YUG,Estadio Benito Villamarín ,Sevilla,GROUP STAGE (FIRST      ROUND),Brazil,New Zealand,37.356389,-5.981389
83,18000,24,6,1982,Rómulo Méndez ,GUA,Carlos Tartiere ,Oviedo,GROUP STAGE (FIRST      ROUND),Algeria,Chile,43.360783,-5.870222
84,28000,24,6,1982,Paolo Casarin ,ITA,Nuevo José Zorrilla ,Valladolid,GROUP STAGE (FIRST      ROUND),France,Czechoslovakia,41.644444,-4.761111
85,12000,24,6,1982,Gastón Castro ,CHI,La Romareda ,Zaragoza,GROUP STAGE (FIRST      ROUND),Honduras,Yugoslavia,41.636592,-0.901822
86,41000,25,6,1982,Robert Valentine ,SCO,El Molinón ,Gijón,GROUP STAGE (FIRST      ROUND),FRG,Austria,43.536111,-5.637222
87,31000,25,6,1982,Gilberto Aristizábal ,COL,San Mamés ,Bilbao,GROUP STAGE (FIRST      ROUND),England,Kuwait,43.263506,-2.948392
88,49562,25,6,1982,Héctor Ortiz ,PAR,Luis Casanova ,Valencia,GROUP STAGE (FIRST      ROUND),Northern Ireland,Spain,39.474656,-0.358361
89,30000,28,6,1982,Károly Palotai ,HUN,Vicente Calderón ,Madrid,GROUP STAGE (SECOND      ROUND),Austria,France,40.401719,-3.720606
90,30000,28,6,1982,Luis Paulino Siles ,CRC,Camp Nou ,Barcelona,GROUP STAGE (SECOND      ROUND),Poland,Belgium,41.38087,2.122802
91,39000,29,6,1982,Nicolae Rainea ,ROM,Estadi de Sarrià ,Barcelona,GROUP STAGE (SECOND      ROUND),Italy,Argentina,41.393111,2.133169
92,75000,29,6,1982,Arnaldo César Coelho ,BRA,Santiago Bernabéu ,Madrid,GROUP STAGE (SECOND      ROUND),FRG,England,40.45306,-3.68835
93,24000,1,7,1982,Adolf Prokop ,GDR,Vicente Calderón ,Madrid,GROUP STAGE (SECOND      ROUND),Austria,Northern Ireland,40.401719,-3.720606
94,25000,1,7,1982,Michel Vautrot ,FRA,Camp Nou ,Barcelona,GROUP STAGE (SECOND      ROUND),Belgium,Soviet Union,41.38087,2.122802
95,44000,2,7,1982,Mario Rubio ,MEX,Estadi de Sarrià ,Barcelona,GROUP STAGE (SECOND      ROUND),Argentina,Brazil,41.393111,2.133169
96,90089,2,7,1982,Paolo Casarin ,ITA,Santiago Bernabéu ,Madrid,GROUP STAGE (SECOND      ROUND),FRG,Spain,40.45306,-3.68835
97,30000,4,7,1982,Alojzy Jarguz ,POL,Vicente Calderón ,Madrid,GROUP STAGE (SECOND      ROUND),France,Northern Ireland,40.401719,-3.720606
98,45000,4,7,1982,Robert Valentine ,SCO,Camp Nou ,Barcelona,GROUP STAGE (SECOND      ROUND),Poland,Soviet Union,41.38087,2.122802
99,44000,5,7,1982,Abraham Klein ,ISR,Estadi de Sarrià ,Barcelona,GROUP STAGE (SECOND      ROUND),Italy,Brazil,41.393111,2.133169
100,65000,5,7,1982,Alexis Ponnet ,BEL,Santiago Bernabéu ,Madrid,GROUP STAGE (SECOND      ROUND),Spain,England,40.45306,-3.68835
101,55000,8,7,1982,Juan Daniel Cardellino ,URU,Camp Nou ,Barcelona,1/2 FINAL,Poland,Italy,41.38087,2.122802
102,71000,8,7,1982,Charles Corver ,NED,Ramón Sánchez Pizjuán ,Sevilla,1/2 FINAL,FRG,France,37.384,-5.9705
103,28000,10,7,1982,António José da Silva Garrido ,POR,José Rico Pérez ,Alicante,PLACES 3-4,Poland,France,38.357222,-0.4925
104,90089,11,7,1982,Arnaldo César Coelho ,BRA,Santiago Bernabéu ,Madrid,FINAL,Italy,FRG,40.45306,-3.68835
105,87148,11,7,1966,István Zsolt ,HUN,Wembley ,London,GROUP STAGE,England,Uruguay,51.555833,-0.279722
106,36127,12,7,1966,Hugh Phillips ,SCO,Hillsborough ,Sheffield,GROUP STAGE,FRG,Switzerland,53.411389,-1.500556
107,47308,12,7,1966,Kurt Tschenscher ,FRG,Goodison Park ,Liverpool,GROUP STAGE,Brazil,Bulgaria,53.438889,-2.966389
108,23006,12,7,1966,Juan Gardeazábal ,SPA,Ayresome Park ,Middlesbrough,GROUP STAGE,Soviet Union,North Korea,54.564167,-1.246944
109,69237,13,7,1966,Menachem Ashkenazi ,ISR,Wembley ,London,GROUP STAGE,France,Mexico,51.555833,-0.279722
110,42738,13,7,1966,DimitÄr Rumenchev ,BUL,Villa Park ,Birmingham,GROUP STAGE,Argentina,Spain,52.509167,-1.884722
111,29886,13,7,1966,Leo Callaghan ,WAL,Old Trafford ,Manchester,GROUP STAGE,Portugal,Hungary,53.463056,-2.291389
112,27199,13,7,1966,Gottfried Dienst ,SWI,Roker Park ,Sunderland,GROUP STAGE,Italy,Chile,54.9213,-1.375481
113,45662,15,7,1966,Karol Galba ,CZE,White City ,London,GROUP STAGE,Uruguay,France,51.51362,-0.2274
114,32028,15,7,1966,Tofik Bakhramov,USSR,Hillsborough ,Sheffield,GROUP STAGE,Spain,Switzerland,53.411389,-1.500556
115,51387,15,7,1966,Kenneth Dagnall ,ENG,Goodison Park ,Liverpool,GROUP STAGE,Hungary,Brazil,53.438889,-2.966389
116,13792,15,7,1966,Ali Hussein Kandil ,UAR,Ayresome Park ,Middlesbrough,GROUP STAGE,North Korea,Chile,54.564167,-1.246944
117,46587,16,7,1966,Konstantin ZeÄeviÄ ,YUG,Villa Park ,Birmingham,GROUP STAGE,FRG,Argentina,52.509167,-1.884722
118,25438,16,7,1966,José MarÃ­a Codesal ,URU,Old Trafford ,Manchester,GROUP STAGE,Portugal,Bulgaria,53.463056,-2.291389
119,27793,16,7,1966,Rudolf Kreitlein ,FRG,Roker Park ,Sunderland,GROUP STAGE,Soviet Union,Italy,54.9213,-1.375481
120,92570,16,7,1966,Concetto lo Bello ,ITA,Wembley ,London,GROUP STAGE,England,Mexico,51.555833,-0.279722
121,61112,19,7,1966,Bertil Lööw ,SWE,Wembley ,London,GROUP STAGE,Mexico,Uruguay,51.555833,-0.279722
122,32127,19,7,1966,Joaquim Fernandes Campos ,POR,Hillsborough ,Sheffield,GROUP STAGE,Argentina,Switzerland,53.411389,-1.500556
123,58479,19,7,1966,George McCabe ,ENG,Goodison Park ,Liverpool,GROUP STAGE,Portugal,Brazil,53.438889,-2.966389
124,17829,19,7,1966,Pierre Schwinte ,FRA,Ayresome Park ,Middlesbrough,GROUP STAGE,North Korea,Italy,54.564167,-1.246944
125,98270,20,7,1966,Arturo Yamasaki ,PER,Wembley ,London,GROUP STAGE,England,France,51.555833,-0.279722
126,45187,20,7,1966,Armando Marques ,BRA,Villa Park ,Birmingham,GROUP STAGE,FRG,Spain,52.509167,-1.884722
127,24129,20,7,1966,Roberto Goicoechea ,ARG,Old Trafford ,Manchester,GROUP STAGE,Hungary,Bulgaria,53.463056,-2.291389
128,16027,20,7,1966,John Adair ,NIR,Roker Park ,Sunderland,GROUP STAGE,Soviet Union,Chile,54.9213,-1.375481
129,40007,23,7,1966,James Finney ,ENG,Hillsborough ,Sheffield,1/4 FINAL,FRG,Uruguay,53.411389,-1.500556
130,40248,23,7,1966,Menachem Ashkenazi ,ISR,Goodison Park ,Liverpool,1/4 FINAL,Portugal,North Korea,53.438889,-2.966389
131,22103,23,7,1966,Juan Gardeazábal ,SPA,Roker Park ,Sunderland,1/4 FINAL,Soviet Union,Hungary,54.9213,-1.375481
132,90584,23,7,1966,Rudolf Kreitlein ,FRG,Wembley ,London,1/4 FINAL,England,Argentina,51.555833,-0.279722
133,38273,25,7,1966,Concetto lo Bello ,ITA,Goodison Park ,Liverpool,1/2 FINAL,FRG,Soviet Union,53.438889,-2.966389
134,94493,26,7,1966,Pierre Schwinte ,FRA,Wembley ,London,1/2 FINAL,England,Portugal,51.555833,-0.279722
135,87696,28,7,1966,Kenneth Dagnall ,ENG,Wembley ,London,PLACES 3-4,Portugal,Soviet Union,51.555833,-0.279722
136,93802,30,7,1966,Gottfried Dienst ,SWI,Wembley ,London,FINAL,England,FRG,51.555833,-0.279722
137,0,12,6,2014,xxx ,XXX,Estádio do Corinthians ,São Paulo,GROUP STAGE,Brazil,Croatia,-23.545531,-46.473373
138,0,13,6,2014,xxx ,XXX,Arena das Dunas ,Natal,GROUP STAGE,Mexico,Cameroon,-5.828938,-35.213864
139,0,13,6,2014,xxx ,XXX,Arena Fonte Nova ,Salvador,GROUP STAGE,Spain,Netherlands,-12.978611,-38.504167
140,0,13,6,2014,xxx ,XXX,Arena Pantanal ,Cuiabá,GROUP STAGE,Chile,Australia,-15.603056,-56.120556
141,0,14,6,2014,xxx ,XXX,Mineirão ,Belo Horizonte,GROUP STAGE,Colombia,Greece,-19.865833,-43.970833
142,0,14,6,2014,xxx ,XXX,Castelão ,Fortaleza,GROUP STAGE,Uruguay,Costa Rica,-3.807222,-38.5225
143,0,14,6,2014,xxx ,XXX,Arena da Amazônia ,Manaus,GROUP STAGE,England,Italy,-3.083056,-60.028056
144,0,14,6,2014,xxx ,XXX,Arena Pernambuco ,Recife,GROUP STAGE,Ivory Coast,Japan,-8.04,-35.008056
145,0,15,6,2014,xxx ,XXX,Estádio Nacional de Brasília ,Brasília,GROUP STAGE,Switzerland,Ecuador,-15.7835,-47.899164
146,0,15,6,2014,xxx ,XXX,Estádio Beira-Rio ,Porto Alegre,GROUP STAGE,France,Honduras,-30.065614,-51.236086
147,0,15,6,2014,xxx ,XXX,Maracanã ,Rio de Janeiro,GROUP STAGE,Argentina,Bosnia-Herzegovina,-22.912167,-43.230164
148,0,16,6,2014,xxx ,XXX,Arena Fonte Nova ,Salvador,GROUP STAGE,Germany,Portugal,-12.978611,-38.504167
149,0,16,6,2014,xxx ,XXX,Arena da Baixada ,Curitiba,GROUP STAGE,Iran,Nigeria,-25.448333,-49.276944
150,0,16,6,2014,xxx ,XXX,Arena das Dunas ,Natal,GROUP STAGE,Ghana,USA,-5.828938,-35.213864
151,0,17,6,2014,xxx ,XXX,Mineirão ,Belo Horizonte,GROUP STAGE,Belgium,Algeria,-19.865833,-43.970833
152,0,17,6,2014,xxx ,XXX,Castelão ,Fortaleza,GROUP STAGE,Brazil,Mexico,-3.807222,-38.5225
153,0,17,6,2014,xxx ,XXX,Arena Pantanal ,Cuiabá,GROUP STAGE,Russia,South Korea,-15.603056,-56.120556
154,0,18,6,2014,xxx ,XXX,Estádio Beira-Rio ,Porto Alegre,GROUP STAGE,Australia,Netherlands,-30.065614,-51.236086
155,0,18,6,2014,xxx ,XXX,Maracanã ,Rio de Janeiro,GROUP STAGE,Spain,Chile,-22.912167,-43.230164
156,0,18,6,2014,xxx ,XXX,Arena da Amazônia ,Manaus,GROUP STAGE,Cameroon,Croatia,-3.083056,-60.028056
157,0,19,6,2014,xxx ,XXX,Estádio Nacional de Brasília ,Brasília,GROUP STAGE,Colombia,Ivory Coast,-15.7835,-47.899164
158,0,19,6,2014,xxx ,XXX,Estádio do Corinthians ,São Paulo,GROUP STAGE,Uruguay,England,-23.545531,-46.473373
159,0,19,6,2014,xxx ,XXX,Arena das Dunas ,Natal,GROUP STAGE,Japan,Greece,-5.828938,-35.213864
160,0,20,6,2014,xxx ,XXX,Arena Pernambuco ,Recife,GROUP STAGE,Italy,Costa Rica,-8.04,-35.008056
161,0,20,6,2014,xxx ,XXX,Arena Fonte Nova ,Salvador,GROUP STAGE,Switzerland,France,-12.978611,-38.504167
162,0,20,6,2014,xxx ,XXX,Arena da Baixada ,Curitiba,GROUP STAGE,Honduras,Ecuador,-25.448333,-49.276944
163,0,21,6,2014,xxx ,XXX,Mineirão ,Belo Horizonte,GROUP STAGE,Argentina,Iran,-19.865833,-43.970833
164,0,21,6,2014,xxx ,XXX,Castelão ,Fortaleza,GROUP STAGE,Germany,Ghana,-3.807222,-38.5225
165,0,21,6,2014,xxx ,XXX,Arena Pantanal ,Cuiabá,GROUP STAGE,Nigeria,Bosnia-Herzegovina,-15.603056,-56.120556
166,0,22,6,2014,xxx ,XXX,Maracanã ,Rio de Janeiro,GROUP STAGE,Belgium,Russia,-22.912167,-43.230164
167,0,22,6,2014,xxx ,XXX,Estádio Beira-Rio ,Porto Alegre,GROUP STAGE,South Korea,Algeria,-30.065614,-51.236086
168,0,22,6,2014,xxx ,XXX,Arena da Amazônia ,Manaus,GROUP STAGE,USA,Portugal,-3.083056,-60.028056
169,0,23,6,2014,xxx ,XXX,Arena da Baixada ,Curitiba,GROUP STAGE,Australia,Spain,-25.448333,-49.276944
170,0,23,6,2014,xxx ,XXX,Estádio do Corinthians ,São Paulo,GROUP STAGE,Netherlands,Chile,-23.545531,-46.473373
171,0,23,6,2014,xxx ,XXX,Estádio Nacional de Brasília ,Brasília,GROUP STAGE,Cameroon,Brazil,-15.7835,-47.899164
172,0,23,6,2014,xxx ,XXX,Arena Pernambuco ,Recife,GROUP STAGE,Croatia,Mexico,-8.04,-35.008056
173,0,24,6,2014,xxx ,XXX,Arena das Dunas ,Natal,GROUP STAGE,Italy,Uruguay,-5.828938,-35.213864
174,0,24,6,2014,xxx ,XXX,Mineirão ,Belo Horizonte,GROUP STAGE,Costa Rica,England,-19.865833,-43.970833
175,0,24,6,2014,xxx ,XXX,Arena Pantanal ,Cuiabá,GROUP STAGE,Japan,Colombia,-15.603056,-56.120556
176,0,24,6,2014,xxx ,XXX,Castelão ,Fortaleza,GROUP STAGE,Greece,Ivory Coast,-3.807222,-38.5225
177,0,25,6,2014,xxx ,XXX,Estádio Beira-Rio ,Porto Alegre,GROUP STAGE,Nigeria,Argentina,-30.065614,-51.236086
178,0,25,6,2014,xxx ,XXX,Arena Fonte Nova ,Salvador,GROUP STAGE,Bosnia-Herzegovina,Iran,-12.978611,-38.504167
179,0,25,6,2014,xxx ,XXX,Arena da Amazônia ,Manaus,GROUP STAGE,Honduras,Switzerland,-3.083056,-60.028056
180,0,25,6,2014,xxx ,XXX,Maracanã ,Rio de Janeiro,GROUP STAGE,Ecuador,France,-22.912167,-43.230164
181,0,26,6,2014,xxx ,XXX,Arena Pernambuco ,Recife,GROUP STAGE,USA,Germany,-8.04,-35.008056
182,0,26,6,2014,xxx ,XXX,Estádio Nacional de Brasília ,Brasília,GROUP STAGE,Portugal,Ghana,-15.7835,-47.899164
183,0,26,6,2014,xxx ,XXX,Estádio do Corinthians ,São Paulo,GROUP STAGE,South Korea,Belgium,-23.545531,-46.473373
184,0,26,6,2014,xxx ,XXX,Arena da Baixada ,Curitiba,GROUP STAGE,Algeria,Russia,-25.448333,-49.276944
185,0,28,6,2014,xxx ,XXX,Mineirão ,Belo Horizonte,1/8 FINAL,,,-19.865833,-43.970833
186,0,28,6,2014,xxx ,XXX,Maracanã ,Rio de Janeiro,1/8 FINAL,,,-22.912167,-43.230164
187,0,29,6,2014,xxx ,XXX,Castelão ,Fortaleza,1/8 FINAL,,,-3.807222,-38.5225
188,0,29,6,2014,xxx ,XXX,Arena Pernambuco ,Recife,1/8 FINAL,,,-8.04,-35.008056
189,0,30,6,2014,xxx ,XXX,Estádio Nacional de Brasília ,Brasília,1/8 FINAL,,,-15.7835,-47.899164
190,0,30,6,2014,xxx ,XXX,Estádio Beira-Rio ,Porto Alegre,1/8 FINAL,,,-30.065614,-51.236086
191,0,1,7,2014,xxx ,XXX,Estádio do Corinthians ,São Paulo,1/8 FINAL,,,-23.545531,-46.473373
192,0,1,7,2014,xxx ,XXX,Arena Fonte Nova ,Salvador,1/8 FINAL,,,-12.978611,-38.504167
193,0,4,7,2014,xxx ,XXX,Maracanã ,Rio de Janeiro,1/4 FINAL,,,-22.912167,-43.230164
194,0,4,7,2014,xxx ,XXX,Castelão ,Fortaleza,1/4 FINAL,,,-3.807222,-38.5225
195,0,5,7,2014,xxx ,XXX,Estádio Nacional de Brasília ,Brasília,1/4 FINAL,,,-15.7835,-47.899164
196,0,5,7,2014,xxx ,XXX,Arena Fonte Nova ,Salvador,1/4 FINAL,,,-12.978611,-38.504167
197,0,8,7,2014,xxx ,XXX,Mineirão ,Belo Horizonte,1/2 FINAL,,,-19.865833,-43.970833
198,0,9,7,2014,xxx ,XXX,Estádio do Corinthians ,São Paulo,1/2 FINAL,,,-23.545531,-46.473373
199,0,12,7,2014,xxx ,XXX,Estádio Nacional de Brasília ,Brasília,PLACES 3-4,LOSER X,LOSER Y,-15.7835,-47.899164
200,0,13,7,2014,xxx ,XXX,Maracanã ,Rio de Janeiro,FINAL,WINNER X,WINNER Y,-22.912167,-43.230164
201,4444,13,7,1930,Domingo Lombardi ,URU,Pocitos ,Montevideo, GROUP STAGE,France,Mexico,-34.905053,-56.1562
202,18436,13,7,1930,José Bartolomé MacÃ­as ,ARG,Parque Central ,Montevideo, GROUP STAGE,USA,Belgium,-34.883611,-56.181944
203,24059,14,7,1930,AnÃ­bal Tejada ,URU,Parque Central ,Montevideo, GROUP STAGE,Yugoslavia,Brazil,-34.883611,-56.181944
204,2000,14,7,1930,Alberto Warnken ,CHI,Pocitos ,Montevideo, GROUP STAGE,Romania,Peru,-34.905053,-56.1562
205,23409,15,7,1930,Gilberto de Almeida RÃªgo ,BRA,Parque Central ,Montevideo, GROUP STAGE,Argentina,France,-34.883611,-56.181944
206,9249,16,7,1930,Henri Christophe ,BEL,Parque Central ,Montevideo, GROUP STAGE,Chile,Mexico,-34.883611,-56.181944
207,18306,17,7,1930,Francisco Mateucci ,URU,Parque Central ,Montevideo, GROUP STAGE,Yugoslavia,Bolivia,-34.883611,-56.181944
208,18306,17,7,1930,José Bartolomé MacÃ­as ,ARG,Parque Central ,Montevideo, GROUP STAGE,USA,Paraguay,-34.883611,-56.181944
209,57735,18,7,1930,Jean Langenus ,BEL,Estadio del Centenario ,Montevideo, GROUP STAGE,Uruguay,Peru,-34.894444,-56.152778
210,42100,19,7,1930,AnÃ­bal Tejada ,URU,Estadio del Centenario ,Montevideo, GROUP STAGE,Chile,France,-34.894444,-56.152778
211,42100,19,7,1930,Ulises Saucedo ,BOL,Estadio del Centenario ,Montevideo, GROUP STAGE,Argentina,Mexico,-34.894444,-56.152778
212,25466,20,7,1930,John Balway ,FRA,Estadio del Centenario ,Montevideo, GROUP STAGE,Brazil,Bolivia,-34.894444,-56.152778
213,25466,20,7,1930,Ricardo Vallarino ,URU,Estadio del Centenario ,Montevideo, GROUP STAGE,Paraguay,Belgium,-34.894444,-56.152778
214,70022,21,7,1930,Gilberto de Almeida RÃªgo ,BRA,Estadio del Centenario ,Montevideo, GROUP STAGE,Uruguay,Romania,-34.894444,-56.152778
215,41459,22,7,1930,Jean Langenus ,BEL,Estadio del Centenario ,Montevideo, GROUP STAGE,Argentina,Chile,-34.894444,-56.152778
216,72886,26,7,1930,Jean Langenus ,BEL,Estadio del Centenario ,Montevideo, 1/2 FINAL,Argentina,USA,-34.894444,-56.152778
217,79867,27,7,1930,Gilberto de Almeida RÃªgo ,BRA,Estadio del Centenario ,Montevideo, 1/2 FINAL,Uruguay,Yugoslavia,-34.894444,-56.152778
218,68346,30,7,1930,Jean Langenus ,BEL,Estadio del Centenario ,Montevideo, FINAL,Uruguay,Argentina,-34.894444,-56.152778
219,95000,31,5,1986,Erik Fredriksson ,SWE,Estadio Azteca ,México D.F.,GROUP STAGE,Bulgaria,Italy,19.302911,-99.150442
220,35748,1,6,1986,Christopher Bambridge ,AUS,Estadio Jalisco ,Guadalajara,GROUP STAGE,Spain,Brazil,20.705008,-103.328147
221,35748,1,6,1986,Hernán MartÃ­n Silva Arce ,CHI,Nou Camp ,León,GROUP STAGE,Canada,France,21.115544,-101.657744
222,40000,2,6,1986,Victoriano Sánchez Arminio ,SPA,Estadio Olímpico Universitario ,México D.F.,GROUP STAGE,Argentina,South Korea,19.331928,-99.192106
223,16500,2,6,1986,Luigi Agnolin ,ITA,Revolución Mexicana ,Irapuato,GROUP STAGE,Soviet Union,Hungary,20.115039,-98.739797
224,19694,2,6,1986,José Luis MartÃ­nez Bazán ,URU,Estadio Universitario ,Monterrey,GROUP STAGE,Morocco,Poland,19.328889,-99.187222
225,110000,3,6,1986,Carlos Alfonso Espósito ,ARG,Estadio Azteca ,México D.F.,GROUP STAGE,Belgium,Mexico,19.302911,-99.150442
226,22000,3,6,1986,Valerij Butenko ,USSR,Tres de Marzo ,Guadalajara,GROUP STAGE,Algeria,Northern Ireland,20.720278,-103.391944
227,19998,3,6,1986,Volker Roth ,FRG,Estadio Tecnológico ,Monterrey,GROUP STAGE,Portugal,England,25.65225,-100.286417
228,24000,4,6,1986,Edwin Picon-Ackong ,MRI,La Bombonera ,Toluca,GROUP STAGE,Paraguay,Iraq,19.287286,-99.666794
229,30500,4,6,1986,VojtÄch Christov ,CZE,La Corregidora ,Querétaro,GROUP STAGE,Uruguay,FRG,20.577642,-100.366539
230,18000,4,6,1986,Lajos Németh ,HUN,Estadio Neza '86 ,Nezahualcóyotl,GROUP STAGE,Scotland,Denmark,19.4,-98.988889
231,32000,5,6,1986,Jan Keizer ,NED,Estadio Cuauhtémoc ,Puebla,GROUP STAGE,Italy,Argentina,19.078056,-98.164444
232,36540,5,6,1986,Romualdo Arppi Filho ,BRA,Nou Camp ,León,GROUP STAGE,France,Soviet Union,21.115544,-101.657744
233,45000,5,6,1986,Fallaj al-Shanar ,KSA,Estadio Olímpico Universitario ,México D.F.,GROUP STAGE,South Korea,Bulgaria,19.331928,-99.192106
234,13800,6,6,1986,Jamal al-Sharif ,SYR,Revolución Mexicana ,Irapuato,GROUP STAGE,Hungary,Canada,20.115039,-98.739797
235,47000,6,6,1986,Rómulo Méndez ,GUA,Estadio Jalisco ,Guadalajara,GROUP STAGE,Brazil,Algeria,20.705008,-103.328147
236,20200,6,6,1986,Gabriel González ,PAR,Estadio Tecnológico ,Monterrey,GROUP STAGE,England,Morocco,25.65225,-100.286417
237,114600,7,6,1986,George Courtney ,ENG,Estadio Azteca ,México D.F.,GROUP STAGE,Mexico,Paraguay,19.302911,-99.150442
238,28000,7,6,1986,Horst Brummeier ,AUT,Tres de Marzo ,Guadalajara,GROUP STAGE,Northern Ireland,Spain,20.720278,-103.391944
239,19915,7,6,1986,Ali Ben Nasser ,TUN,Estadio Universitario ,Monterrey,GROUP STAGE,Poland,Portugal,19.328889,-99.187222
240,10000,8,6,1986,JesÃºs DÃ­az Palacios ,COL,La Bombonera ,Toluca,GROUP STAGE,Iraq,Belgium,19.287286,-99.666794
241,25000,8,6,1986,Ion Igna ,ROM,La Corregidora ,Querétaro,GROUP STAGE,FRG,Scotland,20.577642,-100.366539
242,26500,8,6,1986,Antonio Márquez RamÃ­rez ,MEX,Estadio Neza '86 ,Nezahualcóyotl,GROUP STAGE,Denmark,Uruguay,19.4,-98.988889
243,31420,9,6,1986,Carlos Alberto da Silva Valente ,POR,Nou Camp ,León,GROUP STAGE,Hungary,France,21.115544,-101.657744
244,14200,9,6,1986,Idrissa Traoré ,MLI,Revolución Mexicana ,Irapuato,GROUP STAGE,Soviet Union,Canada,20.115039,-98.739797
245,20000,10,6,1986,David Socha ,USA,Estadio Cuauhtémoc ,Puebla,GROUP STAGE,South Korea,Italy,19.078056,-98.164444
246,45000,10,6,1986,Berny Ulloa ,CRC,Estadio Olímpico Universitario ,México D.F.,GROUP STAGE,Argentina,Bulgaria,19.331928,-99.192106
247,10000,11,6,1986,Bogdan Dochev ,BUL,La Bombonera ,Toluca,GROUP STAGE,Paraguay,Belgium,19.287286,-99.666794
248,103763,11,6,1986,Zoran PetroviÄ ,YUG,Estadio Azteca ,México D.F.,GROUP STAGE,Iraq,Mexico,19.302911,-99.150442
249,22600,11,6,1986,André Daina ,SWI,Estadio Universitario ,Monterrey,GROUP STAGE,England,Poland,19.328889,-99.187222
250,18000,11,6,1986,Alan Snoddy ,NIR,Estadio Jalisco ,Guadalajara,GROUP STAGE,Portugal,Morocco,20.705008,-103.328147
251,46500,12,6,1986,Siegfried Kirschen ,GDR,Estadio Jalisco ,Guadalajara,GROUP STAGE,Northern Ireland,Brazil,20.705008,-103.328147
252,23980,12,6,1986,Shizuo Takada ,JAP,Estadio Tecnológico ,Monterrey,GROUP STAGE,Algeria,Spain,25.65225,-100.286417
253,28500,13,6,1986,Alexis Ponnet ,BEL,La Corregidora ,Querétaro,GROUP STAGE,Denmark,FRG,20.577642,-100.366539
254,20000,13,6,1986,JoÃ«l Quiniou ,FRA,Estadio Neza '86 ,Nezahualcóyotl,GROUP STAGE,Scotland,Uruguay,19.4,-98.988889
255,114580,15,6,1986,Romualdo Arppi Filho ,BRA,Estadio Azteca ,México D.F.,1/8 FINAL,México,Bulgaria,19.302911,-99.150442
256,32277,15,6,1986,Erik Fredriksson ,SWE,Nou Camp ,León,1/8 FINAL,Soviet Union,Belgium,21.115544,-101.657744
257,45000,16,6,1986,Volker Roth ,FRG,Estadio Jalisco ,Guadalajara,1/8 FINAL,Brazil,Poland,20.705008,-103.328147
258,26000,16,6,1986,Luigi Agnolin ,ITA,Estadio Cuauhtémoc ,Puebla,1/8 FINAL,Argentina,Uruguay,19.078056,-98.164444
259,71449,17,6,1986,Carlos Alfonso Espósito ,ARG,Estadio Olímpico Universitario ,México D.F.,1/8 FINAL,Italy,France,19.331928,-99.192106
260,19800,17,6,1986,Zoran PetroviÄ ,YUG,Estadio Universitario ,Monterrey,1/8 FINAL,Morocco,FRG,19.328889,-99.187222
261,98728,18,6,1986,Jamal al-Sharif ,SYR,Estadio Azteca ,México D.F.,1/8 FINAL,England,Paraguay,19.302911,-99.150442
262,38500,18,6,1986,Jan Keizer ,NED,La Corregidora ,Querétaro,1/8 FINAL,Denmark,Spain,20.577642,-100.366539
263,65677,21,6,1986,Ion Igna ,ROM,Estadio Jalisco ,Guadalajara,1/4 FINAL,Brazil,France,20.705008,-103.328147
264,44386,21,6,1986,JesÃºs DÃ­az Palacios ,COL,Estadio Universitario ,Monterrey,1/4 FINAL,FRG,Mexico,19.328889,-99.187222
265,114580,22,6,1986,Ali Ben Nasser ,TUN,Estadio Azteca ,México D.F.,1/4 FINAL,Argentina,England,19.302911,-99.150442
266,45000,22,6,1986,Siegfried Kirschen ,GDR,Estadio Cuauhtémoc ,Puebla,1/4 FINAL,Spain,Belgium,19.078056,-98.164444
267,47500,25,6,1986,Luigi Agnolin ,ITA,Estadio Jalisco ,Guadalajara,1/2 FINAL,France,FRG,20.705008,-103.328147
268,110420,25,6,1986,Antonio Márquez RamÃ­rez ,MEX,Estadio Azteca ,México D.F.,1/2 FINAL,Argentina,Belgium,19.302911,-99.150442
269,21500,28,6,1986,George Courtney ,ENG,Estadio Cuauhtémoc ,Puebla,PLACES 3-4,France,Belgium,19.078056,-98.164444
270,114580,29,6,1986,Romualdo Arppi Filho ,BRA,Estadio Azteca ,México D.F.,FINAL,Argentina,FRG,19.302911,-99.150442
271,27152,4,6,1938,Jean Langenus ,BEL,Parc des Princes ,Paris, FIRST ROUND,Switzerland,Germany,48.841389,2.253056
272,18826,5,6,1938,Alois Beranek ,GER,Vélodrome ,Marseille, FIRST ROUND,Italy,Norway,48.8538,2.2889
273,30454,5,6,1938,Hans Wüthrich ,SWI,Stade Olympique de Colombes ,Paris, FIRST ROUND,France,Belgium,48.929444,2.248056
274,9091,5,6,1938,Roger Conrié ,FRA,Vélodrome Municipal ,Reims, FIRST ROUND,Hungary,Dutch East Indies,48.826331,2.411528
275,6707,5,6,1938,Giuseppe Scarpi ,ITA,Chapou ,Toulouse, FIRST ROUND,Cuba,Romania,43.583056,1.434167
276,13452,5,6,1938,Ivan Eklind ,SWE,Stade de la Meinau ,Strasbourg, FIRST ROUND,Brazil,Poland,48.560064,7.754969
277,10550,5,6,1938,Lucien Leclercq ,FRA,Stade de la Cavée Verte ,Le Havre, FIRST ROUND,Czechoslovakia,Netherlands,49.5025,0.106667
278,20025,9,6,1938,Ivan Eklind ,SWE,Parc des Princes ,Paris, FIRST ROUND â TIE-BREAK,Switzerland,Germany,48.841389,2.253056
279,7536,9,6,1938,Alfred Birlem ,GER,Chapou ,Toulouse, FIRST ROUND â TIE-BREAK,Cuba,Romania,43.583056,1.434167
280,58455,12,6,1938,Louis Baert ,BEL,Stade Olympique de Colombes ,Paris, 1/4 FINAL,Italy,France,48.929444,2.248056
281,22021,12,6,1938,Paul von Hertzka ,HUN,Parc Lescure ,Bordeaux, 1/4 FINAL,Brazil,Czechoslovakia,44.829167,-0.597778
282,14800,12,6,1938,Rinaldo Barlassina ,ITA,Victor Boucquey ,Lille, 1/4 FINAL,Hungary,Switzerland,50.6375,3.036111
283,6846,12,6,1938,Augustin Krist ,CZE,Fort Carré ,Antibes, 1/4 FINAL,Sweden,Cuba,43.590833,7.125556
284,18141,14,6,1938,George Capdeville ,FRA,Parc Lescure ,Bordeaux, 1/4 FINAL â TIE-BREAK,Brazil,Czechoslovakia,44.829167,-0.597778
285,33000,16,6,1938,Hans Wüthrich ,SWI,Vélodrome ,Marseille, 1/2 FINAL,Italy,Brazil,48.8538,2.2889
286,20155,16,6,1938,Lucien Leclercq ,FRA,Parc des Princes ,Paris, 1/2 FINAL,Hungary,Sweden,48.841389,2.253056
287,12500,19,6,1938,Jean Langenus ,BEL,Parc Lescure ,Bordeaux, PLACES 3-4,Brazil,Sweden,44.829167,-0.597778
288,45124,19,6,1938,George Capdeville ,FRA,Stade Olympique de Colombes ,Paris, FINAL,Italy,Hungary,48.929444,2.248056
289,81649,24,6,1950,George Reader ,ENG,Maracanã ,Rio de Janeiro, GROUP STAGE,Brazil,Mexico,-22.912167,-43.230164
290,29703,25,6,1950,Karel van der Meer ,NED,Maracanã ,Rio de Janeiro, GROUP STAGE,England,Chile,-22.912167,-43.230164
291,9511,25,6,1950,Mário GonÃ§alves Vianna ,BRA,Durival de Britto e Silva ,Curitiba, GROUP STAGE,Spain,USA,-25.416667,-49.25
292,36502,25,6,1950,Jean Lutz ,SWI,Pacaembu ,São Paulo, GROUP STAGE,Sweden,Italy,-23.548639,-46.665111
293,7336,25,6,1950,Giovanni Galeati ,ITA,Estádio Independência ,Belo Horizonte, GROUP STAGE,Yugoslavia,Switzerland,-19.908333,-43.917778
294,42032,28,6,1950,Ramón Azón ,SPA,Pacaembu ,São Paulo, GROUP STAGE,Brazil,Switzerland,-23.548639,-46.665111
295,11078,28,6,1950,Reginald Leafe ,ENG,Estádio dos Eucaliptos ,Porto Alegre, GROUP STAGE,Yugoslavia,Mexico,-30.061667,-51.227222
296,19790,29,6,1950,Alberto da Gama Malcher ,BRA,Maracanã ,Rio de Janeiro, GROUP STAGE,Spain,Chile,-22.912167,-43.230164
297,7903,29,6,1950,George Mitchell ,SCO,Durival de Britto e Silva ,Curitiba, GROUP STAGE,Sweden,Paraguay,-25.416667,-49.25
298,10151,29,6,1950,Generoso Dattilo ,ITA,Estádio Independência ,Belo Horizonte, GROUP STAGE,USA,England,-19.908333,-43.917778
299,142429,1,7,1950,Mervyn Griffiths ,WAL,Maracanã ,Rio de Janeiro, GROUP STAGE,Brazil,Yugoslavia,-22.912167,-43.230164
300,74462,2,7,1950,Giovanni Galeati ,ITA,Maracanã ,Rio de Janeiro, GROUP STAGE,Spain,England,-22.912167,-43.230164
301,25811,2,7,1950,Arthur Ellis ,ENG,Pacaembu ,São Paulo, GROUP STAGE,Italy,Paraguay,-23.548639,-46.665111
302,5284,2,7,1950,George Reader ,ENG,Estádio Independência ,Belo Horizonte, GROUP STAGE,Uruguay,Bolivia,-19.908333,-43.917778
303,3580,2,7,1950,Ivan Eklind ,SWE,Estádio dos Eucaliptos ,Porto Alegre, GROUP STAGE,Switzerland,Mexico,-30.061667,-51.227222
304,8501,2,7,1950,Mário Gardelli ,BRA,Ilha do Retiro ,Recife, GROUP STAGE,Chile,USA,-8.05,-34.9
305,138886,9,7,1950,Arthur Ellis ,ENG,Maracanã ,Rio de Janeiro, FINAL ROUND,Brazil,Sweden,-22.912167,-43.230164
306,44802,9,7,1950,Mervyn Griffiths ,WAL,Pacaembu ,São Paulo, FINAL ROUND,Uruguay,Spain,-23.548639,-46.665111
307,7987,13,7,1950,Giovanni Galeati ,ITA,Pacaembu ,São Paulo, FINAL ROUND,Uruguay,Sweden,-23.548639,-46.665111
308,152772,13,7,1950,Reginald Leafe ,ENG,Maracanã ,Rio de Janeiro, FINAL ROUND,Brazil,Spain,-22.912167,-43.230164
309,11227,16,7,1950,Karel van der Meer ,NED,Pacaembu ,São Paulo, FINAL ROUND,Sweden,Spain,-23.548639,-46.665111
310,179854,16,7,1950,George Reader ,ENG,Maracanã ,Rio de Janeiro, FINAL ROUND,Uruguay,Brazil,-22.912167,-43.230164
311,63117,17,6,1994,Arturo Brizio Carter ,MEX,Soldier Field ,Chicago,GROUP STAGE,Germany,Bolivia,41.8625,-87.616667
312,56247,17,6,1994,Peter Mikkelsen ,DEN,Cotton Bowl ,Dallas,GROUP STAGE,Spain,South Korea,32.779722,-96.759722
313,74826,18,6,1994,Mario van der Ende ,NED,Giants Stadium ,New Jersey New York,GROUP STAGE,Italy,Ireland,40.812222,-74.076944
314,91865,18,6,1994,Jamal al-Sharif ,SYR,Rose Bowl ,Pasadena Los Angeles,GROUP STAGE,Colombia,Romania,34.161389,-118.1675
315,73425,18,6,1994,Francisco Ãscar Lamolina ,ARG,Pontiac Silverdome ,Detroit,GROUP STAGE,USA,Switzerland,42.645833,-83.255
316,60790,19,6,1994,José JoaquÃ­n Torres ,COL,Citrus Bowl ,Orlando,GROUP STAGE,Belgium,Morocco,28.539167,-81.402778
317,52359,19,6,1994,Sándor Puhl ,HUN,RFK Memorial Stadium ,Washington D.C.,GROUP STAGE,Norway,Mexico,38.889722,-76.971667
318,83959,19,6,1994,Alberto Tejada ,PER,Rose Bowl ,Pasadena Los Angeles,GROUP STAGE,Cameroon,Sweden,34.161389,-118.1675
319,52535,20,6,1994,Manuel DÃ­az Vega ,SPA,RFK Memorial Stadium ,Washington D.C.,GROUP STAGE,Netherlands,Saudi Arabia,38.889722,-76.971667
320,81061,20,6,1994,An-Yan Lim Kee Chong ,MAU,Stanford Stadium ,Palo Alto San Francisco,GROUP STAGE,Brazil,Russia,37.434444,-122.161111
321,53486,21,6,1994,Arturo Ãngeles ,USA,Foxboro Stadium ,Foxboro Boston,GROUP STAGE,Argentina,Greece,42.0927,-71.267442
322,63113,21,6,1994,Ernesto Filippi ,URU,Soldier Field ,Chicago,GROUP STAGE,Germany,Spain,41.8625,-87.616667
323,44932,21,6,1994,Rodrigo Badilla ,CRC,Cotton Bowl ,Dallas,GROUP STAGE,Nigeria,Bulgaria,32.779722,-96.759722
324,61428,22,6,1994,Neji Jouini ,TUN,Pontiac Silverdome ,Detroit,GROUP STAGE,Romania,Switzerland,42.645833,-83.255
325,93194,22,6,1994,Fabio Baldas ,ITA,Rose Bowl ,Pasadena Los Angeles,GROUP STAGE,USA,Colombia,34.161389,-118.1675
326,74624,23,6,1994,Hellmut Krug ,GER,Giants Stadium ,New Jersey New York,GROUP STAGE,Italy,Norway,40.812222,-74.076944
327,53456,23,6,1994,Leslie Mottram ,SCO,Foxboro Stadium ,Foxboro Boston,GROUP STAGE,South Korea,Bolivia,42.0927,-71.267442
328,61219,24,6,1994,Kurt Röthlisberger ,SWI,Citrus Bowl ,Orlando,GROUP STAGE,Mexico,Ireland,28.539167,-81.402778
329,83401,24,6,1994,Arturo Brizio Carter ,MEX,Stanford Stadium ,Palo Alto San Francisco,GROUP STAGE,Brazil,Cameroon,37.434444,-122.161111
330,71528,24,6,1994,JoÃ«l Quiniou ,FRA,Pontiac Silverdome ,Detroit,GROUP STAGE,Sweden,Russia,42.645833,-83.255
331,72404,25,6,1994,Philip Don ,ENG,Giants Stadium ,New Jersey New York,GROUP STAGE,Saudi Arabia,Morocco,40.812222,-74.076944
332,62387,25,6,1994,Renato Marsiglia ,BRA,Citrus Bowl ,Orlando,GROUP STAGE,Belgium,Netherlands,28.539167,-81.402778
333,54453,25,6,1994,Bo Karlsson ,SWE,Foxboro Stadium ,Foxboro Boston,GROUP STAGE,Argentina,Nigeria,42.0927,-71.267442
334,63160,26,6,1994,Ali Mohammed Bujsaim ,UAE,Soldier Field ,Chicago,GROUP STAGE,Bulgaria,Greece,41.8625,-87.616667
335,83769,26,6,1994,Peter Mikkelsen ,DEN,Stanford Stadium ,Palo Alto San Francisco,GROUP STAGE,Switzerland,Colombia,37.434444,-122.161111
336,93869,26,6,1994,Mario van der Ende ,NED,Rose Bowl ,Pasadena Los Angeles,GROUP STAGE,USA,Romania,34.161389,-118.1675
337,63089,27,6,1994,Rodrigo Badilla ,CRC,Soldier Field ,Chicago,GROUP STAGE,Bolivia,Spain,41.8625,-87.616667
338,63998,27,6,1994,JoÃ«l Quiniou ,FRA,Cotton Bowl ,Dallas,GROUP STAGE,Germany,South Korea,32.779722,-96.759722
339,53186,28,6,1994,Francisco Ãscar Lamolina ,ARG,RFK Memorial Stadium ,Washington D.C.,GROUP STAGE,Italy,Mexico,38.889722,-76.971667
340,76322,28,6,1994,José JoaquÃ­n Torres ,COL,Giants Stadium ,New Jersey New York,GROUP STAGE,Ireland,Norway,40.812222,-74.076944
341,74914,28,6,1994,Jamal al-Sharif ,SYR,Stanford Stadium ,Palo Alto San Francisco,GROUP STAGE,Russia,Cameroon,37.434444,-122.161111
342,77217,28,6,1994,Sándor Puhl ,HUN,Pontiac Silverdome ,Detroit,GROUP STAGE,Brazil,Sweden,42.645833,-83.255
343,52959,29,6,1994,Hellmut Krug ,GER,RFK Memorial Stadium ,Washington D.C.,GROUP STAGE,Belgium,Saudi Arabia,38.889722,-76.971667
344,60578,29,6,1994,Alberto Tejada ,PER,Citrus Bowl ,Orlando,GROUP STAGE,Morocco,Netherlands,28.539167,-81.402778
345,63998,30,6,1994,Neji Jouini ,TUN,Cotton Bowl ,Dallas,GROUP STAGE,Argentina,Bulgaria,32.779722,-96.759722
346,53001,30,6,1994,Leslie Mottram ,SCO,Foxboro Stadium ,Foxboro Boston,GROUP STAGE,Greece,Nigeria,42.0927,-71.267442
347,60246,2,7,1994,Kurt Röthlisberger ,SWI,Soldier Field ,Chicago,1/8 FINAL,Germany,Belgium,41.8625,-87.616667
348,53121,2,7,1994,Mario van der Ende ,NED,RFK Memorial Stadium ,Washington D.C.,1/8 FINAL,Spain,Switzerland,38.889722,-76.971667
349,60277,3,7,1994,Renato Marsiglia ,BRA,Cotton Bowl ,Dallas,1/8 FINAL,Saudi Arabia,Sweden,32.779722,-96.759722
350,90469,3,7,1994,Pierluigi Pairetto ,ITA,Rose Bowl ,Pasadena Los Angeles,1/8 FINAL,Romania,Argentina,34.161389,-118.1675
351,61355,4,7,1994,Peter Mikkelsen ,DEN,Citrus Bowl ,Orlando,1/8 FINAL,Netherlands,Ireland,28.539167,-81.402778
352,84147,4,7,1994,JoÃ«l Quiniou ,FRA,Stanford Stadium ,Palo Alto San Francisco,1/8 FINAL,Brazil,USA,37.434444,-122.161111
353,54367,5,7,1994,Arturo Brizio Carter ,MEX,Foxboro Stadium ,Foxboro Boston,1/8 FINAL,Nigeria,Italy,42.0927,-71.267442
354,71030,5,7,1994,Jamal al-Sharif ,SYR,Giants Stadium ,New Jersey New York,1/8 FINAL,Mexico,Bulgaria,40.812222,-74.076944
355,54605,9,7,1994,Sándor Puhl ,HUN,Foxboro Stadium ,Foxboro Boston,1/4 FINAL,Italy,Spain,42.0927,-71.267442
356,63998,9,7,1994,Rodrigo Badilla ,CRC,Cotton Bowl ,Dallas,1/4 FINAL,Netherlands,Brazil,32.779722,-96.759722
357,72416,10,7,1994,José JoaquÃ­n Torres ,COL,Giants Stadium ,New Jersey New York,1/4 FINAL,Bulgaria,Germany,40.812222,-74.076944
358,81715,10,7,1994,Philip Don ,ENG,Stanford Stadium ,Palo Alto San Francisco,1/4 FINAL,Romania,Sweden,37.434444,-122.161111
359,77094,13,7,1994,JoÃ«l Quiniou ,FRA,Giants Stadium ,New Jersey New York,1/2 FINAL,Bulgaria,Italy,40.812222,-74.076944
360,84569,13,7,1994,José JoaquÃ­n Torres ,COL,Rose Bowl ,Pasadena Los Angeles,1/2 FINAL,Sweden,Brazil,34.161389,-118.1675
361,83716,16,7,1994,Ali Mohammed Bujsaim ,UAE,Rose Bowl ,Pasadena Los Angeles,PLACES 3-4,Sweden,Bulgaria,34.161389,-118.1675
362,94194,17,7,1994,Sándor Puhl ,HUN,Rose Bowl ,Pasadena Los Angeles,FINAL,Brazil,Italy,34.161389,-118.1675
363,80000,10,6,1998,José MarÃ­a GarcÃ­a-Aranda ,SPA,Stade de France ,Saint-Denis  Paris,GROUP STAGE,Brazil,Scotland,48.924444,2.36
364,28750,10,6,1998,Pirom Un-Prasert ,THA,Stade de la Mosson ,Montpellier,GROUP STAGE,Morocco,Norway,43.622222,3.811944
365,31800,11,6,1998,Lucien Bouchardeau ,NGR,Parc Lescure ,Bordeaux,GROUP STAGE,Italy,Chile,44.829167,-0.597778
366,37500,11,6,1998,Epifanio González Chávez ,PAR,Stade Municipal ,Toulouse,GROUP STAGE,Cameroon,Austria,43.583056,1.434167
367,27650,12,6,1998,Abdulrahman al-Zeid ,KSA,Stade de la Mosson ,Montpellier,GROUP STAGE,Paraguay,Bulgaria,43.622222,3.811944
368,38140,12,6,1998,Javier Alberto Castrilli ,ARG,Félix Bollaert ,Lens,GROUP STAGE,Saudi Arabia,Denmark,50.432778,2.815
369,55077,12,6,1998,Márcio Rezende de Freitas ,BRA,Vélodrome ,Marseille,GROUP STAGE,France,South Africa,48.8538,2.2889
370,33257,13,6,1998,Esfandiar Baharmast ,USA,La Beaujoire ,Nantes,GROUP STAGE,Spain,Nigeria,47.255631,-1.525375
371,37588,13,6,1998,Günter Benkö ,AUT,Stade de Gerland ,Lyon,GROUP STAGE,South Korea,Mexico,45.723889,4.832222
372,75000,13,6,1998,Pierluigi Collina ,ITA,Stade de France ,Saint-Denis  Paris,GROUP STAGE,Netherlands,Belgium,48.924444,2.36
373,33400,14,6,1998,Mario van der Ende ,NED,Stade Municipal ,Toulouse,GROUP STAGE,Argentina,Japan,43.583056,1.434167
374,30392,14,6,1998,Alberto Tejada ,PER,Geoffroy Guichard ,Saint-Ãtienne,GROUP STAGE,Yugoslavia,Iran,45.460833,4.390278
375,38058,14,6,1998,VÃ­tor Manuel Melo Pereira ,POR,Félix Bollaert ,Lens,GROUP STAGE,Jamaica,Croatia,50.432778,2.815
376,54587,15,6,1998,Masayoshi Okada ,JAP,Vélodrome ,Marseille,GROUP STAGE,England,Tunisia,48.8538,2.2889
377,37572,15,6,1998,An-Yan Lim Kee Chong ,MAU,Stade de Gerland ,Lyon,GROUP STAGE,Romania,Colombia,45.723889,4.832222
378,43815,15,6,1998,SaÃ¯d Belqola ,MOR,Parc des Princes ,Paris,GROUP STAGE,Germany,USA,48.841389,2.253056
379,30236,16,6,1998,László Vágner ,HUN,Parc Lescure ,Bordeaux,GROUP STAGE,Scotland,Norway,44.829167,-0.597778
380,33266,16,6,1998,Nikolaj Levnikov ,RUS,La Beaujoire ,Nantes,GROUP STAGE,Brazil,Morocco,47.255631,-1.525375
381,30392,17,6,1998,Gamal el-Ghandour ,EGY,Geoffroy Guichard ,Saint-Ãtienne,GROUP STAGE,Chile,Austria,45.460833,4.390278
382,35000,17,6,1998,Edward Lennie ,AUS,Stade de la Mosson ,Montpellier,GROUP STAGE,Italy,Cameroon,43.622222,3.811944
383,36500,18,6,1998,John Jairo Toro ,COL,Stade Municipal ,Toulouse,GROUP STAGE,South Africa,Denmark,43.583056,1.434167
384,75000,18,6,1998,Arturo Brizio Carter ,MEX,Stade de France ,Saint-Denis  Paris,GROUP STAGE,France,Saudi Arabia,48.924444,2.36
385,48500,19,6,1998,Mario Sánchez Yantén ,CHI,Parc des Princes ,Paris,GROUP STAGE,Nigeria,Bulgaria,48.841389,2.253056
386,35300,19,6,1998,Ian McLeod ,SAF,Geoffroy Guichard ,Saint-Ãtienne,GROUP STAGE,Spain,Paraguay,45.460833,4.390278
387,39000,20,6,1998,Ramesh Ramdhan ,TRI,La Beaujoire ,Nantes,GROUP STAGE,Japan,Croatia,47.255631,-1.525375
388,34750,20,6,1998,Hugh Dallas ,SCO,Parc Lescure ,Bordeaux,GROUP STAGE,Belgium,Mexico,44.829167,-0.597778
389,55000,20,6,1998,Ryszard Wójcik ,POL,Vélodrome ,Marseille,GROUP STAGE,Netherlands,South Korea,48.8538,2.2889
390,41275,21,6,1998,Kim Milton Nielsen ,DEN,Félix Bollaert ,Lens,GROUP STAGE,Germany,Yugoslavia,50.432778,2.815
391,48500,21,6,1998,Rune Pedersen ,NOR,Parc des Princes ,Paris,GROUP STAGE,Argentina,Jamaica,48.841389,2.253056
392,44000,21,6,1998,Urs Meier ,SWI,Stade de Gerland ,Lyon,GROUP STAGE,USA,Iran,45.723889,4.832222
393,35500,22,6,1998,Bernd Heynemann ,GER,Stade de la Mosson ,Montpellier,GROUP STAGE,Colombia,Tunisia,43.622222,3.811944
394,37500,22,6,1998,Marc Batta ,FRA,Stade Municipal ,Toulouse,GROUP STAGE,Romania,England,43.583056,1.434167
395,39000,23,6,1998,László Vágner ,HUN,La Beaujoire ,Nantes,GROUP STAGE,Chile,Cameroon,47.255631,-1.525375
396,75000,23,6,1998,Paul Durkin ,ENG,Stade de France ,Saint-Denis  Paris,GROUP STAGE,Italy,Austria,48.924444,2.36
397,60000,23,6,1998,Esfandiar Baharmast ,USA,Vélodrome ,Marseille,GROUP STAGE,Brazil,Norway,48.8538,2.2889
398,35500,23,6,1998,Ali Mohammed Bujsaim ,UAE,Geoffroy Guichard ,Saint-Ãtienne,GROUP STAGE,Scotland,Morocco,45.460833,4.390278
399,43500,24,6,1998,Pierluigi Collina ,ITA,Stade de Gerland ,Lyon,GROUP STAGE,France,Denmark,45.723889,4.832222
400,34500,24,6,1998,Mario Sánchez Yantén ,CHI,Parc Lescure ,Bordeaux,GROUP STAGE,South Africa,Saudi Arabia,44.829167,-0.597778
401,37500,24,6,1998,Pirom Un-Prasert ,THA,Stade Municipal ,Toulouse,GROUP STAGE,Nigeria,Paraguay,43.583056,1.434167
402,41275,24,6,1998,Mario van der Ende ,NED,Félix Bollaert ,Lens,GROUP STAGE,Spain,Bulgaria,50.432778,2.815
403,35500,25,6,1998,Abdulrahman al-Zeid ,KSA,Geoffroy Guichard ,Saint-Ãtienne,GROUP STAGE,Netherlands,Mexico,45.460833,4.390278
404,48500,25,6,1998,Márcio Rezende de Freitas ,BRA,Parc des Princes ,Paris,GROUP STAGE,Belgium,South Korea,48.841389,2.253056
405,39000,25,6,1998,Gamal el-Ghandour ,EGY,La Beaujoire ,Nantes,GROUP STAGE,USA,Yugoslavia,47.255631,-1.525375
406,35500,25,6,1998,Epifanio González Chávez ,PAR,Stade de la Mosson ,Montpellier,GROUP STAGE,Germany,Iran,43.622222,3.811944
407,36500,26,6,1998,SaÃ¯d Belqola ,MOR,Parc Lescure ,Bordeaux,GROUP STAGE,Argentina,Croatia,44.829167,-0.597778
408,43500,26,6,1998,Günter Benkö ,AUT,Stade de Gerland ,Lyon,GROUP STAGE,Japan,Jamaica,45.723889,4.832222
409,41275,26,6,1998,Arturo Brizio Carter ,MEX,Félix Bollaert ,Lens,GROUP STAGE,Colombia,England,50.432778,2.815
410,80000,26,6,1998,Edward Lennie ,AUS,Stade de France ,Saint-Denis  Paris,GROUP STAGE,Romania,Tunisia,48.924444,2.36
411,60000,27,6,1998,Bernd Heynemann ,GER,Vélodrome ,Marseille,1/8 FINAL,Italy,Norway,48.8538,2.2889
412,48500,27,6,1998,Marc Batta ,FRA,Parc des Princes ,Paris,1/8 FINAL,Brazil,Chile,48.841389,2.253056
413,41275,28,6,1998,Ali Mohammed Bujsaim ,UAE,Félix Bollaert ,Lens,1/8 FINAL,France,Paraguay,50.432778,2.815
414,79500,28,6,1998,Urs Meier ,SWI,Stade de France ,Saint-Denis  Paris,1/8 FINAL,Nigeria,Denmark,48.924444,2.36
415,35000,29,6,1998,VÃ­tor Manuel Melo Pereira ,POR,Stade de la Mosson ,Montpellier,1/8 FINAL,Germany,Mexico,43.622222,3.811944
416,37500,29,6,1998,José MarÃ­a GarcÃ­a-Aranda ,SPA,Stade Municipal ,Toulouse,1/8 FINAL,Netherlands,Yugoslavia,43.583056,1.434167
417,34700,30,6,1998,Javier Alberto Castrilli ,ARG,Parc Lescure ,Bordeaux,1/8 FINAL,Romania,Croatia,44.829167,-0.597778
418,35500,30,6,1998,Kim Milton Nielsen ,DEN,Geoffroy Guichard ,Saint-Ãtienne,1/8 FINAL,Argentina,England,45.460833,4.390278
419,77000,3,7,1998,Hugh Dallas ,SCO,Stade de France ,Saint-Denis  Paris,1/4 FINAL,Italy,France,48.924444,2.36
420,35500,3,7,1998,Gamal el-Ghandour ,EGY,La Beaujoire ,Nantes,1/4 FINAL,Brazil,Denmark,47.255631,-1.525375
421,55000,4,7,1998,Arturo Brizio Carter ,MEX,Vélodrome ,Marseille,1/4 FINAL,Netherlands,Argentina,48.8538,2.2889
422,39100,4,7,1998,Rune Pedersen ,NOR,Stade de Gerland ,Lyon,1/4 FINAL,Germany,Croatia,45.723889,4.832222
423,54000,7,7,1998,Ali Mohammed Bujsaim ,UAE,Vélodrome ,Marseille,1/2 FINAL,Brazil,Netherlands,48.8538,2.2889
424,76000,8,7,1998,José MarÃ­a GarcÃ­a-Aranda ,SPA,Stade de France ,Saint-Denis  Paris,1/2 FINAL,France,Croatia,48.924444,2.36
425,45500,11,7,1998,Epifanio González Chávez ,PAR,Parc des Princes ,Paris,PLACES 3-4,Croatia,Netherlands,48.841389,2.253056
426,75000,12,7,1998,SaÃ¯d Belqola ,MOR,Stade de France ,Saint-Denis Paris,FINAL,France,Brazil,48.924444,2.36
427,73780,8,6,1990,Michel Vautrot ,FRA,Giuseppe Meazza ,Milano,GROUP STAGE,Argentina,Cameroon,45.47808,9.124
428,42907,9,6,1990,Juan Daniel Cardellino ,URU,San Nicola ,Bari,GROUP STAGE,Soviet Union,Romania,41.084736,16.840072
429,30791,9,6,1990,George Courtney ,ENG,Renato dall'Ara ,Bologna,GROUP STAGE,United Arab Emirates,Colombia,44.492314,11.309667
430,72303,9,6,1990,José Roberto Wright ,BRA,Stadio Olimpico ,Roma,GROUP STAGE,Italy,Austria,41.933886,12.454786
431,33266,10,6,1990,Kurt Röthlisberger ,SWI,Stadio Comunale ,Firenze,GROUP STAGE,USA,Czechoslovakia,45.04175,7.650014
432,62628,10,6,1990,Tullio Lanese ,ITA,Stadio delle Alpi ,Torino,GROUP STAGE,Brazil,Sweden,45.109561,7.641261
433,74765,10,6,1990,Peter Mikkelsen ,DEN,Giuseppe Meazza ,Milano,GROUP STAGE,FRG,Yugoslavia,45.47808,9.124
434,30867,11,6,1990,Juan Carlos Loustau ,ARG,Luigi Ferraris ,Genova,GROUP STAGE,Costa Rica,Scotland,44.416431,8.952428
435,35238,11,6,1990,Aron Schmidhuber ,FRG,Sant'Elia ,Cagliari,GROUP STAGE,England,Ireland,39.199394,9.134953
436,32790,12,6,1990,Vincent Mauro ,USA,Marc'Antonio Bentegodi ,Verona,GROUP STAGE,Belgium,South Korea,45.435356,10.968647
437,33288,12,6,1990,Emilio Soriano Aladrén ,SPA,La Favorita ,Palermo,GROUP STAGE,Netherlands,Egypt,38.152767,13.342275
438,35713,13,6,1990,Helmut Kohl ,AUT,Stadio Friuli ,Udine,GROUP STAGE,Uruguay,Spain,46.081603,13.200136
439,55759,13,6,1990,Erik Fredriksson ,SWE,San Paolo ,Napoli,GROUP STAGE,Argentina,Soviet Union,45.366667,10.033333
440,38687,14,6,1990,Hernán MartÃ­n Silva Arce ,CHI,San Nicola ,Bari,GROUP STAGE,Cameroon,Romania,41.084736,16.840072
441,32257,14,6,1990,Luigi Agnolin ,ITA,Renato dall'Ara ,Bologna,GROUP STAGE,Yugoslavia,Colombia,44.492314,11.309667
442,73423,14,6,1990,Edgardo Codesal ,MEX,Stadio Olimpico ,Roma,GROUP STAGE,Italy,USA,41.933886,12.454786
443,38962,15,6,1990,George Smith ,SCO,Stadio Comunale ,Firenze,GROUP STAGE,Austria,Czechoslovakia,45.04175,7.650014
444,71167,15,6,1990,Aleksej Spirin ,USSR,Giuseppe Meazza ,Milano,GROUP STAGE,FRG,United Arab Emirates,45.47808,9.124
445,58007,16,6,1990,Neji Jouini ,TUN,Stadio delle Alpi ,Torino,GROUP STAGE,Brazil,Costa Rica,45.109561,7.641261
446,35267,16,6,1990,Zoran PetroviÄ ,YUG,Sant'Elia ,Cagliari,GROUP STAGE,England,Netherlands,39.199394,9.134953
447,31823,16,6,1990,Carlos Antonio Maciel ,PAR,Luigi Ferraris ,Genova,GROUP STAGE,Sweden,Scotland,44.416431,8.952428
448,32733,17,6,1990,ElÃ­as Jácome ,ECU,Stadio Friuli ,Udine,GROUP STAGE,South Korea,Spain,46.081603,13.200136
449,33759,17,6,1990,Siegfried Kirschen ,GDR,Marc'Antonio Bentegodi ,Verona,GROUP STAGE,Belgium,Uruguay,45.435356,10.968647
450,33288,17,6,1990,Marcel van Langenhove ,BEL,La Favorita ,Palermo,GROUP STAGE,Ireland,Egypt,38.152767,13.342275
451,37307,18,6,1990,José Roberto Wright ,BRA,San Nicola ,Bari,GROUP STAGE,Cameroon,Soviet Union,41.084736,16.840072
452,52733,18,6,1990,Carlos Alberto da Silva Valente ,POR,San Paolo ,Napoli,GROUP STAGE,Argentina,Romania,45.366667,10.033333
453,72510,19,6,1990,Alan Snoddy ,NIR,Giuseppe Meazza ,Milano,GROUP STAGE,FRG,Colombia,45.47808,9.124
454,27833,19,6,1990,Shizuo Takada ,JAP,Renato dall'Ara ,Bologna,GROUP STAGE,Yugoslavia,United Arab Emirates,44.492314,11.309667
455,34857,19,6,1990,Jamal al-Sharif ,SYR,Stadio Comunale ,Firenze,GROUP STAGE,Austria,USA,45.04175,7.650014
456,73303,19,6,1990,JoÃ«l Quiniou ,FRA,Stadio Olimpico ,Roma,GROUP STAGE,Italy,Czechoslovakia,41.933886,12.454786
457,62502,20,6,1990,Helmut Kohl ,AUT,Stadio delle Alpi ,Torino,GROUP STAGE,Brazil,Scotland,45.109561,7.641261
458,30223,20,6,1990,Zoran PetroviÄ ,YUG,Luigi Ferraris ,Genova,GROUP STAGE,Sweden,Costa Rica,44.416431,8.952428
459,29039,21,6,1990,Tullio Lanese ,ITA,Stadio Friuli ,Udine,GROUP STAGE,South Korea,Uruguay,46.081603,13.200136
460,35950,21,6,1990,Juan Carlos Loustau ,ARG,Marc'Antonio Bentegodi ,Verona,GROUP STAGE,Belgium,Spain,45.435356,10.968647
461,34959,21,6,1990,Kurt Röthlisberger ,SWI,Sant'Elia ,Cagliari,GROUP STAGE,England,Egypt,39.199394,9.134953
462,33288,21,6,1990,Michel Vautrot ,FRA,La Favorita ,Palermo,GROUP STAGE,Ireland,Netherlands,38.152767,13.342275
463,50026,23,6,1990,Tullio Lanese ,ITA,San Paolo ,Napoli,1/8 FINAL,Cameroon,Colombia,45.366667,10.033333
464,47673,23,6,1990,Siegfried Kirschen ,GDR,San Nicola ,Bari,1/8 FINAL,Czechoslovakia,Costa Rica,41.084736,16.840072
465,61381,24,6,1990,JoÃ«l Quiniou ,FRA,Stadio delle Alpi ,Torino,1/8 FINAL,Brazil,Argentina,45.109561,7.641261
466,74559,24,6,1990,Juan Carlos Loustau ,ARG,Giuseppe Meazza ,Milano,1/8 FINAL,FRG,Netherlands,45.47808,9.124
467,31818,25,6,1990,José Roberto Wright ,BRA,Luigi Ferraris ,Genova,1/8 FINAL,Ireland,Romania,44.416431,8.952428
468,73303,25,6,1990,George Courtney ,ENG,Stadio Olimpico ,Roma,1/8 FINAL,Italy,Uruguay,41.933886,12.454786
469,34822,26,6,1990,Aron Schmidhuber ,FRG,Marc'Antonio Bentegodi ,Verona,1/8 FINAL,Spain,Yugoslavia,45.435356,10.968647
470,34520,26,6,1990,Peter Mikkelsen ,DEN,Renato dall'Ara ,Bologna,1/8 FINAL,England,Belgium,44.492314,11.309667
471,38971,30,6,1990,Kurt Röthlisberger ,SWI,Stadio Comunale ,Firenze,1/4 FINAL,Yugoslavia,Argentina,45.04175,7.650014
472,73303,30,6,1990,Carlos Alberto da Silva Valente ,POR,Stadio Olimpico ,Roma,1/4 FINAL,Italy,Ireland,41.933886,12.454786
473,73347,1,7,1990,Helmut Kohl ,AUT,Giuseppe Meazza ,Milano,1/4 FINAL,FRG,Czechoslovakia,45.47808,9.124
474,55205,1,7,1990,Edgardo Codesal ,MEX,San Paolo ,Napoli,1/4 FINAL,England,Cameroon,45.366667,10.033333
475,59978,3,7,1990,Michel Vautrot ,FRA,San Paolo ,Napoli,1/2 FINAL,Italy,Argentina,45.366667,10.033333
476,62628,4,7,1990,José Roberto Wright ,BRA,Stadio delle Alpi ,Torino,1/2 FINAL,FRG,England,45.109561,7.641261
477,51426,7,7,1990,JoÃ«l Quiniou ,FRA,San Nicola ,Bari,PLACES 3-4,Italy,England,41.084736,16.840072
478,73603,8,7,1990,Edgardo Codesal ,MEX,Stadio Olimpico ,Roma,FINAL,FRG,Argentina,41.933886,12.454786
479,67579,1,6,1978,Ãngel Norberto Coerezza ,ARG,Estadio Monumental ,Buenos Aires,GROUP STAGE (FIRST       ROUND),FRG,Poland,-34.545319,-58.449736
480,42653,2,6,1978,Nicolae Rainea ,ROM,Estadio José María Minella ,Mar del Plata,GROUP STAGE (FIRST       ROUND),Italy,France,-38.017944,-57.582333
481,17396,2,6,1978,John Gordon ,SCO,El Gigante de Arroyito ,Rosario,GROUP STAGE (FIRST       ROUND),Tunisia,Mexico,-32.913997,-60.674567
482,71615,2,6,1978,António José da Silva Garrido ,POR,Estadio Monumental ,Buenos Aires,GROUP STAGE (FIRST       ROUND),Argentina,Hungary,-34.545319,-58.449736
483,40841,3,6,1978,Károly Palotai ,HUN,José Amalfitani ,Buenos Aires,GROUP STAGE (FIRST       ROUND),Austria,Spain,-34.635375,-58.520711
484,38618,3,6,1978,Clive Thomas ,WAL,Estadio José María Minella ,Mar del Plata,GROUP STAGE (FIRST       ROUND),Sweden,Brazil,-38.017944,-57.582333
485,37927,3,6,1978,Ulf Eriksson ,SWE,Estadio Olímpico Chateau Carreras ,Córdoba,GROUP STAGE (FIRST       ROUND),Peru,Scotland,-31.368956,-64.246244
486,33431,3,6,1978,Alfonso González Archundia ,MEX,Malvinas Argentinas ,Mendoza,GROUP STAGE (FIRST       ROUND),Netherlands,Iran,-32.889564,-68.879994
487,26533,6,6,1978,Ramón Barreto ,URU,Estadio José María Minella ,Mar del Plata,GROUP STAGE (FIRST       ROUND),Italy,Hungary,-38.017944,-57.582333
488,35258,6,6,1978,Farouk Bouzo ,SYR,Estadio Olímpico Chateau Carreras ,Córdoba,GROUP STAGE (FIRST       ROUND),FRG,Mexico,-31.368956,-64.246244
489,9624,6,6,1978,Ãngel Franco MartÃ­nez ,SPA,El Gigante de Arroyito ,Rosario,GROUP STAGE (FIRST       ROUND),Poland,Tunisia,-32.913997,-60.674567
490,71666,6,6,1978,Jean Dubach ,SWI,Estadio Monumental ,Buenos Aires,GROUP STAGE (FIRST       ROUND),Argentina,France,-34.545319,-58.449736
491,41424,7,6,1978,Charles Corver ,NED,José Amalfitani ,Buenos Aires,GROUP STAGE (FIRST       ROUND),Austria,Sweden,-34.635375,-58.520711
492,34771,7,6,1978,Sergio Gonella ,ITA,Estadio José María Minella ,Mar del Plata,GROUP STAGE (FIRST       ROUND),Brazil,Spain,-38.017944,-57.582333
493,7938,7,6,1978,Youssou NâDiaye ,SEN,Estadio Olímpico Chateau Carreras ,Córdoba,GROUP STAGE (FIRST       ROUND),Scotland,Iran,-31.368956,-64.246244
494,28125,7,6,1978,Adolf Prokop ,GDR,Malvinas Argentinas ,Mendoza,GROUP STAGE (FIRST       ROUND),Netherlands,Peru,-32.889564,-68.879994
495,23127,10,6,1978,Arnaldo César Coelho ,BRA,Estadio José María Minella ,Mar del Plata,GROUP STAGE (FIRST       ROUND),France,Hungary,-38.017944,-57.582333
496,30667,10,6,1978,César Augusto Orosco ,PER,Estadio Olímpico Chateau Carreras ,Córdoba,GROUP STAGE (FIRST       ROUND),FRG,Tunisia,-31.368956,-64.246244
497,22651,10,6,1978,Jaffar Namdar ,IRN,El Gigante de Arroyito ,Rosario,GROUP STAGE (FIRST       ROUND),Poland,Mexico,-32.913997,-60.674567
498,71772,10,6,1978,Abraham Klein ,ISR,Estadio Monumental ,Buenos Aires,GROUP STAGE (FIRST       ROUND),Italy,Argentina,-34.545319,-58.449736
499,42132,11,6,1978,Ferdinand Biwersi ,FRG,José Amalfitani ,Buenos Aires,GROUP STAGE (FIRST       ROUND),Spain,Sweden,-34.635375,-58.520711
500,35221,11,6,1978,Robert Wurtz ,FRA,Estadio José María Minella ,Mar del Plata,GROUP STAGE (FIRST       ROUND),Brazil,Austria,-38.017944,-57.582333
501,21262,11,6,1978,Alojzy Jarguz ,POL,Estadio Olímpico Chateau Carreras ,Córdoba,GROUP STAGE (FIRST       ROUND),Peru,Iran,-31.368956,-64.246244
502,35130,11,6,1978,Erich Linemayr ,AUT,Malvinas Argentinas ,Mendoza,GROUP STAGE (FIRST       ROUND),Scotland,Netherlands,-32.889564,-68.879994
503,25050,14,6,1978,John Gordon ,SCO,Estadio Olímpico Chateau Carreras ,Córdoba,GROUP STAGE (SECOND       ROUND),Netherlands,Austria,-31.368956,-64.246244
504,67547,14,6,1978,DuÅ¡an MaksimoviÄ ,YUG,Estadio Monumental ,Buenos Aires,GROUP STAGE (SECOND       ROUND),FRG,Italy,-34.545319,-58.449736
505,31278,14,6,1978,Nicolae Rainea ,ROM,Malvinas Argentinas ,Mendoza,GROUP STAGE (SECOND       ROUND),Brazil,Peru,-32.889564,-68.879994
506,37091,14,6,1978,Ulf Eriksson ,SWE,El Gigante de Arroyito ,Rosario,GROUP STAGE (SECOND       ROUND),Argentina,Poland,-32.913997,-60.674567
507,35288,18,6,1978,Patrick Partridge ,ENG,Malvinas Argentinas ,Mendoza,GROUP STAGE (SECOND       ROUND),Poland,Peru,-32.889564,-68.879994
508,40750,18,6,1978,Ramón Barreto ,URU,Estadio Olímpico Chateau Carreras ,Córdoba,GROUP STAGE (SECOND       ROUND),FRG,Netherlands,-31.368956,-64.246244
509,66695,18,6,1978,Francis Rion ,BEL,Estadio Monumental ,Buenos Aires,GROUP STAGE (SECOND       ROUND),Italy,Austria,-34.545319,-58.449736
510,37326,18,6,1978,Károly Palotai ,HUN,El Gigante de Arroyito ,Rosario,GROUP STAGE (SECOND       ROUND),Argentina,Brazil,-32.913997,-60.674567
511,38318,21,6,1978,Abraham Klein ,ISR,Estadio Olímpico Chateau Carreras ,Córdoba,GROUP STAGE (SECOND       ROUND),Austria,FRG,-31.368956,-64.246244
512,67433,21,6,1978,Ãngel Franco MartÃ­nez ,SPA,Estadio Monumental ,Buenos Aires,GROUP STAGE (SECOND       ROUND),Netherlands,Italy,-34.545319,-58.449736
513,39586,21,6,1978,Juan Silvagno ,CHI,Malvinas Argentinas ,Mendoza,GROUP STAGE (SECOND       ROUND),Brazil,Poland,-32.889564,-68.879994
514,37326,21,6,1978,Robert Wurtz ,FRA,El Gigante de Arroyito ,Rosario,GROUP STAGE (SECOND       ROUND),Argentina,Peru,-32.913997,-60.674567
515,69659,24,6,1978,Abraham Klein ,ISR,Estadio Monumental ,Buenos Aires,PLACES 3-4,Brazil,Italy,-34.545319,-58.449736
516,71483,25,6,1978,Sergio Gonella ,ITA,Estadio Monumental ,Buenos Aires,FINAL,Argentina,Netherlands,-34.545319,-58.449736
517,64950,9,6,2006,Horacio Marcelo Elizondo ,ARG,Allianz Arena ,München,GROUP STAGE,Germany,Costa Rica,48.218775,11.624753
518,52000,9,6,2006,Toru Kamikawa ,JAP,Arena AufSchalke ,Gelsenkirchen,GROUP STAGE,Poland,Ecuador,51.554503,7.067589
519,48000,10,6,2006,Marco Antonio RodrÃ­guez ,MEX,Waldstadion ,Frankfurt am Main,GROUP STAGE,England,Paraguay,50.116667,8.683333
520,62959,10,6,2006,Shamsul Maidin ,SIN,Signal Iduna Park ,Dortmund,GROUP STAGE,Trinidad and Tobago,Sweden,51.516667,7.466667
521,49480,10,6,2006,Frank de Bleeckere ,BEL,AOL Arena ,Hamburg,GROUP STAGE,Argentina,Ivory Coast,53.587158,9.898617
522,37216,11,6,2006,Markus Merk ,GER,Zentralstadion ,Leipzig,GROUP STAGE,Serbia-Montenegro,Netherlands,51.345794,12.348219
523,41000,11,6,2006,Roberto Rosetti ,ITA,Frankenstadion ,Nürnberg,GROUP STAGE,Mexico,Iran,49.426111,11.125833
524,45000,11,6,2006,Jorge Luis Larrionda ,URU,RheinEnergieStadion ,Köln,GROUP STAGE,Angola,Portugal,50.933497,6.874997
525,46000,12,6,2006,Essam Abdel-Fattah ,EGY,Fritz-Walter-Stadion ,Kaiserslautern,GROUP STAGE,Australia,Japan,49.434722,7.776667
526,52000,12,6,2006,Carlos Arecio Amarilla ,PAR,Arena AufSchalke ,Gelsenkirchen,GROUP STAGE,USA,Czech Republic,51.554503,7.067589
527,43000,12,6,2006,Carlos EugÃªnio Simon ,BRA,AWD-Arena ,Hannover,GROUP STAGE,Italy,Ghana,52.360067,9.731197
528,48000,13,6,2006,Graham Poll ,ENG,Waldstadion ,Frankfurt am Main,GROUP STAGE,South Korea,Togo,50.116667,8.683333
529,52000,13,6,2006,Valentin Ivanov ,RUS,Gottlieb-Daimler-Stadion ,Stuttgart,GROUP STAGE,France,Switzerland,48.792269,9.232031
530,72000,13,6,2006,Benito Armando Archundia ,MEX,Olympiastadion ,Berlin,GROUP STAGE,Brazil,Croatia,59.34535,18.079044
531,43000,14,6,2006,Massimo Busacca ,SWI,Zentralstadion ,Leipzig,GROUP STAGE,Spain,Ukraine,51.345794,12.348219
532,66000,14,6,2006,Mark Shield ,AUS,Allianz Arena ,München,GROUP STAGE,Tunisia,Saudi Arabia,48.218775,11.624753
533,65000,14,6,2006,Luis Medina Cantalejo ,SPA,Signal Iduna Park ,Dortmund,GROUP STAGE,Germany,Poland,51.516667,7.466667
534,50000,15,6,2006,Coffi Codjia ,BEN,AOL Arena ,Hamburg,GROUP STAGE,Ecuador,Costa Rica,53.587158,9.898617
535,41000,15,6,2006,Toru Kamikawa ,JAP,Frankenstadion ,Nürnberg,GROUP STAGE,England,Trinidad and Tobago,49.426111,11.125833
536,72000,15,6,2006,Ä½uboÅ¡ MicheÄ¾ ,SVK,Olympiastadion ,Berlin,GROUP STAGE,Sweden,Paraguay,59.34535,18.079044
537,52000,16,6,2006,Roberto Rosetti ,ITA,Arena AufSchalke ,Gelsenkirchen,GROUP STAGE,Argentina,Serbia-Montenegro,51.554503,7.067589
538,52000,16,6,2006,Ãscar Julián Ruiz ,COL,Gottlieb-Daimler-Stadion ,Stuttgart,GROUP STAGE,Netherlands,Ivory Coast,48.792269,9.232031
539,43000,16,6,2006,Shamsul Maidin ,SIN,AWD-Arena ,Hannover,GROUP STAGE,Mexico,Angola,52.360067,9.731197
540,48000,17,6,2006,Ãric Poulat ,FRA,Waldstadion ,Frankfurt am Main,GROUP STAGE,Portugal,Iran,50.116667,8.683333
541,45000,17,6,2006,Horacio Marcelo Elizondo ,ARG,RheinEnergieStadion ,Köln,GROUP STAGE,Czech Republic,Ghana,50.933497,6.874997
542,46000,17,6,2006,Jorge Luis Larrionda ,URU,Fritz-Walter-Stadion ,Kaiserslautern,GROUP STAGE,Italy,USA,49.434722,7.776667
543,41000,18,6,2006,Frank de Bleeckere ,BEL,Frankenstadion ,Nürnberg,GROUP STAGE,Japan,Croatia,49.426111,11.125833
544,66000,18,6,2006,Markus Merk ,GER,Allianz Arena ,München,GROUP STAGE,Brazil,Australia,48.218775,11.624753
545,43000,18,6,2006,Benito Armando Archundia ,MEX,Zentralstadion ,Leipzig,GROUP STAGE,France,South Korea,51.345794,12.348219
546,65000,19,6,2006,Carlos Arecio Amarilla ,PAR,Signal Iduna Park ,Dortmund,GROUP STAGE,Togo,Switzerland,51.516667,7.466667
547,50000,19,6,2006,Graham Poll ,ENG,AOL Arena ,Hamburg,GROUP STAGE,Saudi Arabia,Ukraine,53.587158,9.898617
548,52000,19,6,2006,Carlos EugÃªnio Simon ,BRA,Gottlieb-Daimler-Stadion ,Stuttgart,GROUP STAGE,Spain,Tunisia,48.792269,9.232031
549,72000,20,6,2006,Valentin Ivanov ,RUS,Olympiastadion ,Berlin,GROUP STAGE,Ecuador,Germany,59.34535,18.079044
550,43000,20,6,2006,Shamsul Maidin ,SIN,AWD-Arena ,Hannover,GROUP STAGE,Costa Rica,Poland,52.360067,9.731197
551,45000,20,6,2006,Massimo Busacca ,SWI,RheinEnergieStadion ,Köln,GROUP STAGE,Sweden,England,50.933497,6.874997
552,46000,20,6,2006,Roberto Rosetti ,ITA,Fritz-Walter-Stadion ,Kaiserslautern,GROUP STAGE,Paraguay,Trinidad and Tobago,49.434722,7.776667
553,52000,21,6,2006,Ä½uboÅ¡ MicheÄ¾ ,SVK,Arena AufSchalke ,Gelsenkirchen,GROUP STAGE,Portugal,Mexico,51.554503,7.067589
554,38000,21,6,2006,Mark Shield ,AUS,Zentralstadion ,Leipzig,GROUP STAGE,Iran,Angola,51.345794,12.348219
555,48000,21,6,2006,Luis Medina Cantalejo ,SPA,Waldstadion ,Frankfurt am Main,GROUP STAGE,Netherlands,Argentina,50.116667,8.683333
556,66000,21,6,2006,Marco Antonio RodrÃ­guez ,MEX,Allianz Arena ,München,GROUP STAGE,Ivory Coast,Serbia-Montenegro,48.218775,11.624753
557,50000,22,6,2006,Benito Armando Archundia ,MEX,AOL Arena ,Hamburg,GROUP STAGE,Czech Republic,Italy,53.587158,9.898617
558,41000,22,6,2006,Markus Merk ,GER,Frankenstadion ,Nürnberg,GROUP STAGE,Ghana,USA,49.426111,11.125833
559,65000,22,6,2006,Ãric Poulat ,FRA,Signal Iduna Park ,Dortmund,GROUP STAGE,Japan,Brazil,51.516667,7.466667
560,52000,22,6,2006,Graham Poll ,ENG,Gottlieb-Daimler-Stadion ,Stuttgart,GROUP STAGE,Croatia,Australia,48.792269,9.232031
561,46000,23,6,2006,Coffi Codjia ,BEN,Fritz-Walter-Stadion ,Kaiserslautern,GROUP STAGE,Saudi Arabia,Spain,49.434722,7.776667
562,72000,23,6,2006,Carlos Arecio Amarilla ,PAR,Olympiastadion ,Berlin,GROUP STAGE,Ukraine,Tunisia,59.34535,18.079044
563,45000,23,6,2006,Jorge Luis Larrionda ,URU,RheinEnergieStadion ,Köln,GROUP STAGE,Togo,France,50.933497,6.874997
564,43000,23,6,2006,Horacio Marcelo Elizondo ,ARG,AWD-Arena ,Hannover,GROUP STAGE,Switzerland,South Korea,52.360067,9.731197
565,66000,24,6,2006,Carlos EugÃªnio Simon ,BRA,Allianz Arena ,München,1/8 FINAL,Germany,Sweden,48.218775,11.624753
566,43000,24,6,2006,Massimo Busacca ,SWI,Zentralstadion ,Leipzig,1/8 FINAL,Argentina,Mexico,51.345794,12.348219
567,52000,25,6,2006,Frank de Bleeckere ,BEL,Gottlieb-Daimler-Stadion ,Stuttgart,1/8 FINAL,England,Ecuador,48.792269,9.232031
568,41000,25,6,2006,Valentin Ivanov ,RUS,Frankenstadion ,Nürnberg,1/8 FINAL,Portugal,Netherlands,49.426111,11.125833
569,46000,26,6,2006,Luis Medina Cantalejo ,SPA,Fritz-Walter-Stadion ,Kaiserslautern,1/8 FINAL,Italy,Australia,49.434722,7.776667
570,45000,26,6,2006,Benito Armando Archundia ,MEX,RheinEnergieStadion ,Köln,1/8 FINAL,Switzerland,Ukraine,50.933497,6.874997
571,65000,27,6,2006,Ä½uboÅ¡ MicheÄ¾ ,SVK,Signal Iduna Park ,Dortmund,1/8 FINAL,Brazil,Ghana,51.516667,7.466667
572,43000,27,6,2006,Roberto Rosetti ,ITA,AWD-Arena ,Hannover,1/8 FINAL,Spain,France,52.360067,9.731197
573,72000,30,6,2006,Ä½uboÅ¡ MicheÄ¾ ,SVK,Olympiastadion ,Berlin,1/4 FINAL,Germany,Argentina,59.34535,18.079044
574,50000,30,6,2006,Frank de Bleeckere ,BEL,AOL Arena ,Hamburg,1/4 FINAL,Italy,Ukraine,53.587158,9.898617
575,52000,1,7,2006,Horacio Marcelo Elizondo ,ARG,Arena AufSchalke ,Gelsenkirchen,1/4 FINAL,England,Portugal,51.554503,7.067589
576,48000,1,7,2006,Luis Medina Cantalejo ,SPA,Waldstadion ,Frankfurt am Main,1/4 FINAL,Brazil,France,50.116667,8.683333
577,65000,4,7,2006,Benito Armando Archundia ,MEX,Signal Iduna Park ,Dortmund,1/2 FINAL,Germany,Italy,51.516667,7.466667
578,66000,5,7,2006,Jorge Luis Larrionda ,URU,Allianz Arena ,München,1/2 FINAL,Portugal,France,48.218775,11.624753
579,52000,8,7,2006,Toru Kamikawa ,JAP,Gottlieb-Daimler-Stadion ,Stuttgart,PLACES 3-4,Germany,Portugal,48.792269,9.232031
580,69000,9,7,2006,Horacio Marcelo Elizondo ,ARG,Olympiastadion ,Berlin,FINAL,Italy,France,59.34535,18.079044
581,107160,31,5,1970,Kurt Tschenscher ,FRG,Estadio Azteca ,México D.F.,GROUP STAGE,Soviet Union,Mexico,19.302911,-99.150442
582,20654,2,6,1970,Robert Davidson ,SCO,Cuauhtémoc ,Puebla,GROUP STAGE,Uruguay,Israel,19.078056,-98.164444
583,50560,2,6,1970,Vital Loraux ,BEL,Estadio Jalisco ,Guadalajara,GROUP STAGE,England,Romania,20.705008,-103.328147
584,13765,2,6,1970,Antonio Sbardella ,ITA,Estadio Guanajuato ,León,GROUP STAGE,Peru,Bulgaria,21.115544,-101.657744
585,92205,3,6,1970,Andrei RÄdulescu ,ROM,Estadio Azteca ,México D.F.,GROUP STAGE,Belgium,El Salvador,19.302911,-99.150442
586,13433,3,6,1970,John Taylor ,ENG,Luis Gutiérrez Dosal ,Toluca,GROUP STAGE,Italy,Sweden,19.287286,-99.666794
587,52897,3,6,1970,Ramón Barreto ,URU,Estadio Jalisco ,Guadalajara,GROUP STAGE,Brazil,Czechoslovakia,20.705008,-103.328147
588,12942,3,6,1970,Laurens van Ravens ,NED,Estadio Guanajuato ,León,GROUP STAGE,FRG,Morocco,21.115544,-101.657744
589,95261,6,6,1970,Rudolf Scheurer ,SWI,Estadio Azteca ,México D.F.,GROUP STAGE,Soviet Union,Belgium,19.302911,-99.150442
590,29968,6,6,1970,Rudolf Glöckner ,GDR,Cuauhtémoc ,Puebla,GROUP STAGE,Italy,Uruguay,19.078056,-98.164444
591,56818,6,6,1970,Diego de Leo ,MEX,Estadio Jalisco ,Guadalajara,GROUP STAGE,Romania,Czechoslovakia,20.705008,-103.328147
592,13537,6,6,1970,Tofik Bakhramov,USSR,Estadio Guanajuato ,León,GROUP STAGE,Peru,Morocco,21.115544,-101.657744
593,103058,7,6,1970,Ali Hussein Kandil ,UAR,Estadio Azteca ,México D.F.,GROUP STAGE,Mexico,El Salvador,19.302911,-99.150442
594,9624,7,6,1970,Seyoum Tarekegn ,ETH,Luis Gutiérrez Dosal ,Toluca,GROUP STAGE,Sweden,Israel,19.287286,-99.666794
595,70950,7,6,1970,Abraham Klein ,ISR,Estadio Jalisco ,Guadalajara,GROUP STAGE,Brazil,England,20.705008,-103.328147
596,12710,7,6,1970,José MarÃ­a Ortiz de MendÃ­bil ,SPA,Estadio Guanajuato ,León,GROUP STAGE,FRG,Bulgaria,21.115544,-101.657744
597,89979,10,6,1970,Rafael Hormazábal ,CHI,Estadio Azteca ,México D.F.,GROUP STAGE,Soviet Union,El Salvador,19.302911,-99.150442
598,18163,10,6,1970,Henry Landauer ,USA,Cuauhtémoc ,Puebla,GROUP STAGE,Sweden,Uruguay,19.078056,-98.164444
599,50804,10,6,1970,Ferdinand Marschall ,AUT,Estadio Jalisco ,Guadalajara,GROUP STAGE,Brazil,Romania,20.705008,-103.328147
600,17875,10,6,1970,Abel Aguilar ,MEX,Estadio Guanajuato ,León,GROUP STAGE,FRG,Peru,21.115544,-101.657744
601,108192,11,6,1970,Ãngel Norberto Coerezza ,ARG,Estadio Azteca ,México D.F.,GROUP STAGE,Mexico,Belgium,19.302911,-99.150442
602,9890,11,6,1970,AÃ­rton Vieira de Moraes ,BRA,Luis Gutiérrez Dosal ,Toluca,GROUP STAGE,Italy,Israel,19.287286,-99.666794
603,49292,11,6,1970,Roger Machin ,FRA,Estadio Jalisco ,Guadalajara,GROUP STAGE,England,Czechoslovakia,20.705008,-103.328147
604,12299,11,6,1970,António Ribeiro Saldanha ,POR,Estadio Guanajuato ,León,GROUP STAGE,Bulgaria,Morocco,21.115544,-101.657744
605,96085,14,6,1970,Laurens van Ravens ,NED,Estadio Azteca ,México D.F.,1/4 FINAL,Uruguay,Soviet Union,19.302911,-99.150442
606,26851,14,6,1970,Rudolf Scheurer ,SWI,Luis Gutiérrez Dosal ,Toluca,1/4 FINAL,Italy,Mexico,19.287286,-99.666794
607,54233,14,6,1970,Vital Loraux ,BEL,Estadio Jalisco ,Guadalajara,1/4 FINAL,Brazil,Peru,20.705008,-103.328147
608,23357,14,6,1970,Ãngel Norberto Coerezza ,ARG,Estadio Guanajuato ,León,1/4 FINAL,FRG,England,21.115544,-101.657744
609,51261,17,6,1970,José MarÃ­a Ortiz de MendÃ­bil ,SPA,Estadio Jalisco ,Guadalajara,1/2 FINAL,Brazil,Uruguay,20.705008,-103.328147
610,102444,17,6,1970,Arturo Yamasaki ,MEX,Estadio Azteca ,México D.F.,1/2 FINAL,Italy,FRG,19.302911,-99.150442
611,104403,20,6,1970,Antonio Sbardella ,ITA,Estadio Azteca ,México D.F.,PLACES 3-4,FRG,Uruguay,19.302911,-99.150442
612,107412,21,6,1970,Rudolf Glöckner ,GDR,Estadio Azteca ,México D.F.,FINAL,Brazil,Italy,19.302911,-99.150442
613,84490,11,6,2010,Ravshan Irmatov ,UZB,Soccer City ,Johannesburg,GROUP STAGE,South Africa,Mexico,-26.234722,27.982222
614,64100,11,6,2010,Yuichi Nishimura ,JAP,Cape Town Stadium ,Cape Town,GROUP STAGE,Uruguay,France,-33.903461,18.411153
615,31513,12,6,2010,Michael Hester ,NZL,Nelson Mandela Bay Stadium ,Port Elizabeth,GROUP STAGE,South Korea,Greece,-33.937778,25.598889
616,55686,12,6,2010,Wolfgang Stark ,GER,Ellis Park Stadium ,Johannesburg,GROUP STAGE,Argentina,Nigeria,-26.1975,28.060833
617,38646,12,6,2010,Carlos EugÃªnio Simon ,BRA,Royal Bafokeng Stadium ,Rustenburg,GROUP STAGE,England,USA,-25.5786,27.1607
618,30325,13,6,2010,Carlos Alberto Batres ,GUA,Peter Mokaba Stadium ,Polokwane,GROUP STAGE,Algeria,Slovenia,-23.924689,29.468765
619,38833,13,6,2010,Héctor Walter Baldassi ,ARG,Loftus Versfeld Stadium ,Pretoria,GROUP STAGE,Serbia,Ghana,-25.753333,28.222778
620,62660,13,6,2010,Marco Antonio RodrÃ­guez ,MEX,Moses Mabhida Stadium ,Durban,GROUP STAGE,Germany,Australia,-29.829,31.0303
621,83465,14,6,2010,Stéphane Lannoy ,FRA,Soccer City ,Johannesburg,GROUP STAGE,Netherlands,Denmark,-26.234722,27.982222
622,30620,14,6,2010,Olegário BenquerenÃ§a ,POR,Free State Stadium ,Bloemfontein,GROUP STAGE,Japan,Cameroon,-29.117222,26.208889
623,62869,14,6,2010,Benito Armando Archundia ,MEX,Cape Town Stadium ,Cape Town,GROUP STAGE,Italy,Paraguay,-33.903461,18.411153
624,23871,15,6,2010,Jerome Damon ,SAF,Royal Bafokeng Stadium ,Rustenburg,GROUP STAGE,New Zealand,Slovakia,-25.5786,27.1607
625,37034,15,6,2010,Jorge Luis Larrionda ,URU,Nelson Mandela Bay Stadium ,Port Elizabeth,GROUP STAGE,Ivory Coast,Portugal,-33.937778,25.598889
626,54331,15,6,2010,Viktor Kassai ,HUN,Ellis Park Stadium ,Johannesburg,GROUP STAGE,Brazil,North Korea,-26.1975,28.060833
627,32664,16,6,2010,Eddy Maillet ,SEY,Mbombela Stadium ,Nelspruit,GROUP STAGE,Honduras,Chile,-25.461,30.929
628,62453,16,6,2010,Howard Webb ,ENG,Moses Mabhida Stadium ,Durban,GROUP STAGE,Spain,Switzerland,-29.829,31.0303
629,42658,16,6,2010,Massimo Busacca ,SWI,Loftus Versfeld Stadium ,Pretoria,GROUP STAGE,South Africa,Uruguay,-25.753333,28.222778
630,82174,17,6,2010,Frank de Bleeckere ,BEL,Soccer City ,Johannesburg,GROUP STAGE,Argentina,South Korea,-26.234722,27.982222
631,31593,17,6,2010,Ãscar Julián Ruiz ,COL,Free State Stadium ,Bloemfontein,GROUP STAGE,Greece,Nigeria,-29.117222,26.208889
632,35370,17,6,2010,Khalil al-Ghamdi ,KSA,Peter Mokaba Stadium ,Polokwane,GROUP STAGE,France,Mexico,-23.924689,29.468765
633,38294,18,6,2010,Alberto Undiano Mallenco ,SPA,Nelson Mandela Bay Stadium ,Port Elizabeth,GROUP STAGE,Germany,Serbia,-33.937778,25.598889
634,45573,18,6,2010,Koman Coulibaly ,MLI,Ellis Park Stadium ,Johannesburg,GROUP STAGE,Slovenia,USA,-26.1975,28.060833
635,64100,18,6,2010,Ravshan Irmatov ,UZB,Cape Town Stadium ,Cape Town,GROUP STAGE,England,Algeria,-33.903461,18.411153
636,62010,19,6,2010,Héctor Walter Baldassi ,ARG,Moses Mabhida Stadium ,Durban,GROUP STAGE,Netherlands,Japan,-29.829,31.0303
637,34812,19,6,2010,Roberto Rosetti ,ITA,Royal Bafokeng Stadium ,Rustenburg,GROUP STAGE,Ghana,Australia,-25.5786,27.1607
638,38074,19,6,2010,Jorge Luis Larrionda ,URU,Loftus Versfeld Stadium ,Pretoria,GROUP STAGE,Cameroon,Denmark,-25.753333,28.222778
639,26643,20,6,2010,Eddy Maillet ,SEY,Free State Stadium ,Bloemfontein,GROUP STAGE,Slovakia,Paraguay,-29.117222,26.208889
640,38229,20,6,2010,Carlos Alberto Batres ,GUA,Mbombela Stadium ,Nelspruit,GROUP STAGE,Italy,New Zealand,-25.461,30.929
641,84455,20,6,2010,Stéphane Lannoy ,FRA,Soccer City ,Johannesburg,GROUP STAGE,Brazil,Ivory Coast,-26.234722,27.982222
642,63644,21,6,2010,Pablo Pozo ,CHI,Cape Town Stadium ,Cape Town,GROUP STAGE,Portugal,North Korea,-33.903461,18.411153
643,34872,21,6,2010,Khalil al-Ghamdi ,KSA,Nelson Mandela Bay Stadium ,Port Elizabeth,GROUP STAGE,Chile,Switzerland,-33.937778,25.598889
644,54386,21,6,2010,Yuichi Nishimura ,JAP,Ellis Park Stadium ,Johannesburg,GROUP STAGE,Spain,Honduras,-26.1975,28.060833
645,33425,22,6,2010,Viktor Kassai ,HUN,Royal Bafokeng Stadium ,Rustenburg,GROUP STAGE,Mexico,Uruguay,-25.5786,27.1607
646,39415,22,6,2010,Ãscar Julián Ruiz ,COL,Free State Stadium ,Bloemfontein,GROUP STAGE,France,South Africa,-29.117222,26.208889
647,61874,22,6,2010,Olegário BenquerenÃ§a ,POR,Moses Mabhida Stadium ,Durban,GROUP STAGE,Nigeria,South Korea,-29.829,31.0303
648,38891,22,6,2010,Ravshan Irmatov ,UZB,Peter Mokaba Stadium ,Polokwane,GROUP STAGE,Greece,Argentina,-23.924689,29.468765
649,36893,23,6,2010,Wolfgang Stark ,GER,Nelson Mandela Bay Stadium ,Port Elizabeth,GROUP STAGE,Slovenia,England,-33.937778,25.598889
650,35827,23,6,2010,Frank de Bleeckere ,BEL,Loftus Versfeld Stadium ,Pretoria,GROUP STAGE,USA,Algeria,-25.753333,28.222778
651,83391,23,6,2010,Carlos EugÃªnio Simon ,BRA,Soccer City ,Johannesburg,GROUP STAGE,Ghana,Germany,-26.234722,27.982222
652,37836,23,6,2010,Jorge Luis Larrionda ,URU,Mbombela Stadium ,Nelspruit,GROUP STAGE,Australia,Serbia,-25.461,30.929
653,53412,24,6,2010,Howard Webb ,ENG,Ellis Park Stadium ,Johannesburg,GROUP STAGE,Slovakia,Italy,-26.1975,28.060833
654,34850,24,6,2010,Yuichi Nishimura ,JAP,Peter Mokaba Stadium ,Polokwane,GROUP STAGE,Paraguay,New Zealand,-23.924689,29.468765
655,27967,24,6,2010,Jerome Damon ,SAF,Royal Bafokeng Stadium ,Rustenburg,GROUP STAGE,Denmark,Japan,-25.5786,27.1607
656,63093,24,6,2010,Pablo Pozo ,CHI,Cape Town Stadium ,Cape Town,GROUP STAGE,Cameroon,Netherlands,-33.903461,18.411153
657,62712,25,6,2010,Benito Armando Archundia ,MEX,Moses Mabhida Stadium ,Durban,GROUP STAGE,Portugal,Brazil,-29.829,31.0303
658,34763,25,6,2010,Alberto Undiano Mallenco ,SPA,Mbombela Stadium ,Nelspruit,          GROUP STAGE  ,North Korea,Ivory Coast,-25.461,30.929
659,41958,25,6,2010,Marco Antonio RodrÃ­guez ,MEX,Loftus Versfeld Stadium ,Pretoria,GROUP STAGE,Chile,Spain,-25.753333,28.222778
660,28042,25,6,2010,Héctor Walter Baldassi ,ARG,Free State Stadium ,Bloemfontein,GROUP STAGE,Switzerland,Honduras,-29.117222,26.208889
661,30597,26,6,2010,Wolfgang Stark ,GER,Nelson Mandela Bay Stadium ,Port Elizabeth,1/8 FINAL,Uruguay,South Korea,-33.937778,25.598889
662,34976,26,6,2010,Viktor Kassai ,HUN,Royal Bafokeng Stadium ,Rustenburg,1/8 FINAL,USA,Ghana,-25.5786,27.1607
663,40510,27,6,2010,Jorge Luis Larrionda ,URU,Free State Stadium ,Bloemfontein,1/8 FINAL,Germany,England,-29.117222,26.208889
664,84377,27,6,2010,Roberto Rosetti ,ITA,Soccer City ,Johannesburg,1/8 FINAL,Argentina,Mexico,-26.234722,27.982222
665,61962,28,6,2010,Alberto Undiano Mallenco ,SPA,Moses Mabhida Stadium ,Durban,1/8 FINAL,Netherlands,Slovakia,-29.829,31.0303
666,54096,28,6,2010,Howard Webb ,ENG,Ellis Park Stadium ,Johannesburg,1/8 FINAL,Brazil,Chile,-26.1975,28.060833
667,36742,29,6,2010,Frank de Bleeckere ,BEL,Loftus Versfeld Stadium ,Pretoria,1/8 FINAL,Paraguay,Japan,-25.753333,28.222778
668,62955,29,6,2010,Héctor Walter Baldassi ,ARG,Cape Town Stadium ,Cape Town,1/8 FINAL,Spain,Portugal,-33.903461,18.411153
669,40186,2,7,2010,Yuichi Nishimura ,JAP,Nelson Mandela Bay Stadium ,Port Elizabeth,1/4 FINAL,Netherlands,Brazil,-33.937778,25.598889
670,84017,2,7,2010,Olegário BenquerenÃ§a ,POR,Soccer City ,Johannesburg,1/4 FINAL,Uruguay,Ghana,-26.234722,27.982222
671,64100,3,7,2010,Ravshan Irmatov ,UZB,Cape Town Stadium ,Cape Town,1/4 FINAL,Argentina,Germany,-33.903461,18.411153
672,55359,3,7,2010,Carlos Alberto Batres ,GUA,Ellis Park Stadium ,Johannesburg,1/4 FINAL,Paraguay,Spain,-26.1975,28.060833
673,62479,6,7,2010,Ravshan Irmatov ,UZB,Cape Town Stadium ,Cape Town,1/2 FINAL,Uruguay,Netherlands,-33.903461,18.411153
674,60960,7,7,2010,Viktor Kassai ,HUN,Moses Mabhida Stadium ,Durban,1/2 FINAL,Germany,Spain,-29.829,31.0303
675,36254,10,7,2010,Benito Armando Archundia ,MEX,Nelson Mandela Bay Stadium ,Port Elizabeth,PLACES 3-4,Uruguay,Germany,-33.937778,25.598889
676,84490,11,7,2010,Howard Webb ,ENG,Soccer City ,Johannesburg,FINAL,Netherlands,Spain,-26.234722,27.982222
677,7908,30,5,1962,Andor Dorogi ,HUN,Carlos Dittborn ,Arica,GROUP STAGE,Uruguay,Colombia,-18.487631,-70.299156
678,65006,30,5,1962,Kenneth Aston ,ENG,Estadio Nacional ,Santiago de Chile,GROUP STAGE,Chile,Switzerland,-33.464444,-70.610556
679,10484,30,5,1962,Gottfried Dienst ,SWI,Sausalito ,Viña del Mar,GROUP STAGE,Brazil,Mexico,-33.014397,-71.535233
680,7134,30,5,1962,Juan Gardeazábal ,SPA,Braden Copper ,Rancagua,GROUP STAGE,Argentina,Bulgaria,-34.177764,-70.737719
681,9622,31,5,1962,Albert Dusch ,FRG,Carlos Dittborn ,Arica,GROUP STAGE,Soviet Union,Yugoslavia,-18.487631,-70.299156
682,65440,31,5,1962,Robert Davidson ,SCO,Estadio Nacional ,Santiago de Chile,GROUP STAGE,FRG,Italy,-33.464444,-70.610556
683,12700,31,5,1962,Carl Erich Steiner ,AUT,Sausalito ,Viña del Mar,GROUP STAGE,Czechoslovakia,Spain,-33.014397,-71.535233
684,7938,31,5,1962,Leo Horn ,NED,Braden Copper ,Rancagua,GROUP STAGE,Hungary,England,-34.177764,-70.737719
685,8824,2,6,1962,Karol Galba ,CZE,Carlos Dittborn ,Arica,GROUP STAGE,Yugoslavia,Uruguay,-18.487631,-70.299156
686,66057,2,6,1962,Kenneth Aston ,ENG,Estadio Nacional ,Santiago de Chile,GROUP STAGE,Chile,Italy,-33.464444,-70.610556
687,14903,2,6,1962,Pierre Schwinte ,FRA,Sausalito ,Viña del Mar,GROUP STAGE,Brazil,Czechoslovakia,-33.014397,-71.535233
688,7794,2,6,1962,Nikolaj Latishev ,USSR,Braden Copper ,Rancagua,GROUP STAGE,England,Argentina,-34.177764,-70.737719
689,8040,3,6,1962,João Etzel Filho ,BRA,Carlos Dittborn ,Arica,GROUP STAGE,Soviet Union,Colombia,-18.487631,-70.299156
690,64922,3,6,1962,Leo Horn ,NED,Estadio Nacional ,Santiago de Chile,GROUP STAGE,FRG,Switzerland,-33.464444,-70.610556
691,11875,3,6,1962,Branko TeÅ¡aniÄ ,YUG,Sausalito ,Viña del Mar,GROUP STAGE,Spain,Mexico,-33.014397,-71.535233
692,7442,3,6,1962,Juan Gardeazábal ,SPA,Braden Copper ,Rancagua,GROUP STAGE,Hungary,Bulgaria,-34.177764,-70.737719
693,9973,6,6,1962,Cesare Jonni ,ITA,Carlos Dittborn ,Arica,GROUP STAGE,Soviet Union,Uruguay,-18.487631,-70.299156
694,67224,6,6,1962,Robert Davidson ,SCO,Estadio Nacional ,Santiago de Chile,GROUP STAGE,FRG,Chile,-33.464444,-70.610556
695,18715,6,6,1962,Sergio Bustamante ,CHI,Sausalito ,Viña del Mar,GROUP STAGE,Brazil,Spain,-33.014397,-71.535233
696,7945,6,6,1962,Arturo Yamasaki ,PER,Braden Copper ,Rancagua,GROUP STAGE,Hungary,Argentina,-34.177764,-70.737719
697,7167,7,6,1962,Juan Carlos Robles ,CHI,Carlos Dittborn ,Arica,GROUP STAGE,Yugoslavia,Colombia,-18.487631,-70.299156
698,59828,7,6,1962,Nikolaj Latishev ,USSR,Estadio Nacional ,Santiago de Chile,GROUP STAGE,Italy,Switzerland,-33.464444,-70.610556
699,10648,7,6,1962,Gottfried Dienst ,SWI,Sausalito ,Viña del Mar,GROUP STAGE,Mexico,Czechoslovakia,-33.014397,-71.535233
700,5700,7,6,1962,Arthur Blavier ,BEL,Braden Copper ,Rancagua,GROUP STAGE,England,Bulgaria,-34.177764,-70.737719
701,17268,10,6,1962,Leo Horn ,NED,Carlos Dittborn ,Arica,1/4 FINAL,Chile,Soviet Union,-18.487631,-70.299156
702,63324,10,6,1962,Arturo Yamasaki ,PER,Estadio Nacional ,Santiago de Chile,1/4 FINAL,Yugoslavia,FRG,-33.464444,-70.610556
703,17736,10,6,1962,Pierre Schwinte ,FRA,Sausalito ,Viña del Mar,1/4 FINAL,Brazil,England,-33.014397,-71.535233
704,11690,10,6,1962,Nikolaj Latishev ,USSR,Braden Copper ,Rancagua,1/4 FINAL,Czechoslovakia,Hungary,-34.177764,-70.737719
705,76594,13,6,1962,Arturo Yamasaki ,PER,Estadio Nacional ,Santiago de Chile,1/2 FINAL,Brazil,Chile,-33.464444,-70.610556
706,5890,13,6,1962,Gottfried Dienst ,SWI,Sausalito ,Viña del Mar,1/2 FINAL,Czechoslovakia,Yugoslavia,-33.014397,-71.535233
707,66697,16,6,1962,Juan Gardeazábal ,SPA,Estadio Nacional ,Santiago de Chile,PLACES 3-4,Chile,Yugoslavia,-33.464444,-70.610556
708,68679,17,6,1962,Nikolaj Latishev ,USSR,Estadio Nacional ,Santiago de Chile,FINAL,Brazil,Czechoslovakia,-33.464444,-70.610556
709,61500,13,6,1974,Rudolf Scheurer ,SWI,Waldstadion ,Frankfurt am Main,GROUP STAGE (FIRST      ROUND),Brazil,Yugoslavia,50.116667,8.683333
710,83168,14,6,1974,DoÄan Babacan ,TUR,Olympiastadion ,West-Berlin,GROUP STAGE (FIRST      ROUND),FRG,Chile,59.34535,18.079044
711,18180,14,6,1974,Youssou NâDiaye ,SEN,Volksparkstadion ,Hamburg,GROUP STAGE (FIRST      ROUND),GDR,Australia,53.587158,9.898617
712,25800,14,6,1974,Gerhard Schulenburg ,FRG,Westfalenstadion ,Dortmund,GROUP STAGE (FIRST      ROUND),Zaire,Scotland,51.492569,7.451842
713,23800,15,6,1974,Ãdison Pérez NÃºñez ,PER,Rheinstadion ,Düsseldorf,GROUP STAGE (FIRST      ROUND),Sweden,Bulgaria,51.260278,6.734167
714,53700,15,6,1974,Károly Palotai ,HUN,Niedersachsenstadion ,Hannover,GROUP STAGE (FIRST      ROUND),Uruguay,Netherlands,52.360067,9.731197
715,51100,15,6,1974,Vicente Llobregat ,VEN,Olympiastadion ,München,GROUP STAGE (FIRST      ROUND),Italy,Haiti,59.34535,18.079044
716,31500,15,6,1974,Clive Thomas ,WAL,Neckarstadion ,Stuttgart,GROUP STAGE (FIRST      ROUND),Poland,Argentina,48.783333,9.183333
717,53300,18,6,1974,Mustafa Kamel ,EGY,Volksparkstadion ,Hamburg,GROUP STAGE (FIRST      ROUND),Australia,FRG,53.587158,9.898617
718,27300,18,6,1974,Aurelio Angonese ,ITA,Olympiastadion ,West-Berlin,GROUP STAGE (FIRST      ROUND),Chile,GDR,59.34535,18.079044
719,31700,18,6,1974,Omar Delgado ,COL,Parkstadion ,Gelsenkirchen,GROUP STAGE (FIRST      ROUND),Yugoslavia,Zaire,51.559167,7.066667
720,62000,18,6,1974,Arie van Gemert ,NED,Waldstadion ,Frankfurt am Main,GROUP STAGE (FIRST      ROUND),Scotland,Brazil,50.116667,8.683333
721,53700,19,6,1974,Werner Winsemann ,CAN,Westfalenstadion ,Dortmund,GROUP STAGE (FIRST      ROUND),Netherlands,Sweden,51.492569,7.451842
722,13400,19,6,1974,Jack Taylor ,ENG,Niedersachsenstadion ,Hannover,GROUP STAGE (FIRST      ROUND),Bulgaria,Uruguay,52.360067,9.731197
723,25400,19,6,1974,Govindasamy Suppiah ,SIN,Olympiastadion ,München,GROUP STAGE (FIRST      ROUND),Haiti,Poland,59.34535,18.079044
724,68900,19,6,1974,Pavel Kazakov ,USSR,Neckarstadion ,Stuttgart,GROUP STAGE (FIRST      ROUND),Argentina,Italy,48.783333,9.183333
725,14681,22,6,1974,Jaffar Namdar ,IRN,Olympiastadion ,West-Berlin,GROUP STAGE (FIRST      ROUND),Australia,Chile,59.34535,18.079044
726,36200,22,6,1974,Nicolae Rainea ,ROM,Parkstadion ,Gelsenkirchen,GROUP STAGE (FIRST      ROUND),Zaire,Brazil,51.559167,7.066667
727,56000,22,6,1974,Alfonso González Archundia ,MEX,Waldstadion ,Frankfurt am Main,GROUP STAGE (FIRST      ROUND),Scotland,Yugoslavia,50.116667,8.683333
728,60350,22,6,1974,Ramón Barreto ,URU,Volksparkstadion ,Hamburg,GROUP STAGE (FIRST      ROUND),GDR,FRG,53.587158,9.898617
729,53300,23,6,1974,Tony BoÅ¡koviÄ ,AUS,Westfalenstadion ,Dortmund,GROUP STAGE (FIRST      ROUND),Bulgaria,Netherlands,51.492569,7.451842
730,28300,23,6,1974,Erich Linemayr ,AUT,Rheinstadion ,Düsseldorf,GROUP STAGE (FIRST      ROUND),Sweden,Uruguay,51.260278,6.734167
731,25900,23,6,1974,Pablo Sánchez Ibáñez ,SPA,Olympiastadion ,München,GROUP STAGE (FIRST      ROUND),Argentina,Haiti,59.34535,18.079044
732,68900,23,6,1974,Hans-Joachim Weyland ,FRG,Neckarstadion ,Stuttgart,GROUP STAGE (FIRST      ROUND),Poland,Italy,48.783333,9.183333
733,66085,26,6,1974,Armando Marques ,BRA,Rheinstadion ,Düsseldorf,GROUP STAGE (SECOND      ROUND),Yugoslavia,FRG,51.260278,6.734167
734,55348,26,6,1974,Robert Davidson ,SCO,Parkstadion ,Gelsenkirchen,GROUP STAGE (SECOND      ROUND),Netherlands,Argentina,51.559167,7.066667
735,58463,26,6,1974,Clive Thomas ,WAL,Niedersachsenstadion ,Hannover,GROUP STAGE (SECOND      ROUND),Brazil,GDR,52.360067,9.731197
736,43755,26,6,1974,Ramón Barreto ,URU,Neckarstadion ,Stuttgart,GROUP STAGE (SECOND      ROUND),Sweden,Poland,48.783333,9.183333
737,67148,30,6,1974,Rudolf Scheurer ,SWI,Parkstadion ,Gelsenkirchen,GROUP STAGE (SECOND      ROUND),GDR,Netherlands,51.559167,7.066667
738,39400,30,6,1974,Vital Loraux ,BEL,Niedersachsenstadion ,Hannover,GROUP STAGE (SECOND      ROUND),Argentina,Brazil,52.360067,9.731197
739,53200,30,6,1974,Rudolf Glöckner ,GDR,Waldstadion ,Frankfurt am Main,GROUP STAGE (SECOND      ROUND),Poland,Yugoslavia,50.116667,8.683333
740,67861,30,6,1974,Pavel Kazakov ,USSR,Rheinstadion ,Düsseldorf,GROUP STAGE (SECOND      ROUND),FRG,Sweden,51.260278,6.734167
741,61249,3,7,1974,Erich Linemayr ,AUT,Waldstadion ,Frankfurt am Main,GROUP STAGE (SECOND      ROUND),Poland,FRG,50.116667,8.683333
742,52500,3,7,1974,Kurt Tschenscher ,FRG,Westfalenstadion ,Dortmund,GROUP STAGE (SECOND      ROUND),Netherlands,Brazil,51.492569,7.451842
743,53054,3,7,1974,Jack Taylor ,ENG,Parkstadion ,Gelsenkirchen,GROUP STAGE (SECOND      ROUND),Argentina,GDR,51.559167,7.066667
744,37700,3,7,1974,Luis Pestarino ,ARG,Rheinstadion ,Düsseldorf,GROUP STAGE (SECOND      ROUND),Sweden,Yugoslavia,51.260278,6.734167
745,74100,6,7,1974,Aurelio Angonese ,ITA,Olympiastadion ,München,PLACES 3-4,Poland,Brazil,59.34535,18.079044
746,77833,7,7,1974,Jack Taylor ,ENG,Olympiastadion ,München,FINAL,FRG,Netherlands,59.34535,18.079044
747,62561,31,5,2002,Ali Mohammed Bujsaim ,UAE,Seoul World Cup Stadium ,Seoul,GROUP STAGE,France,Senegal,37.568222,126.897361
748,33679,1,6,2002,Toru Kamikawa ,JAP,Tohoku Denryoku Big Swan Stadium ,Niigata,GROUP STAGE,Ireland,Cameroon,37.882614,139.059169
749,30157,1,6,2002,Saad Kamel Mane ,KUW,Ulsan Munsu Football Stadium ,Ulsan,GROUP STAGE,Uruguay,Denmark,35.535278,129.259444
750,32218,1,6,2002,Ubaldo Aquino ,PAR,Sapporo Dome ,Sapporo,GROUP STAGE,Germany,Saudi Arabia,43.015172,141.409767
751,34050,2,6,2002,Gilles Veissière ,FRA,Kashima Stadium ,Ibaraki,GROUP STAGE,Argentina,Nigeria,35.991744,140.640525
752,25186,2,6,2002,Ä½uboÅ¡ MicheÄ¾ ,SVK,Asiad Main Stadium ,Busan,GROUP STAGE,Paraguay,South Africa,35.19,129.058222
753,52721,2,6,2002,Carlos EugÃªnio Simon ,BRA,Saitama Sutajiamu 2002 ,Saitama,GROUP STAGE,England,Sweden,34.743222,137.970503
754,28598,2,6,2002,Mohammed Guezzaz ,MOR,Gwangju World Cup Stadium ,Gwangju,GROUP STAGE,Spain,Slovenia,35.133667,126.874861
755,32239,3,6,2002,LÃ¹ JÃ¹n ,CHN,Tohoku Denryoku Big Swan Stadium ,Niigata,GROUP STAGE,Croatia,Mexico,37.882614,139.059169
756,33842,3,6,2002,Kim Young-joo ,SKR,Ulsan Munsu Football Stadium ,Ulsan,GROUP STAGE,Brazil,Turkey,35.535278,129.259444
757,31081,3,6,2002,Brian Hall ,USA,Sapporo Dome ,Sapporo,GROUP STAGE,Italy,Ecuador,43.015172,141.409767
758,27217,4,6,2002,Kyros Vassaras ,GRE,Gwangju World Cup Stadium ,Gwangju,GROUP STAGE,China,Costa Rica,35.133667,126.874861
759,55256,4,6,2002,William Mattus ,CRC,Saitama Sutajiamu 2002 ,Saitama,GROUP STAGE,Japan,Belgium,34.743222,137.970503
760,48760,4,6,2002,Ãscar Julián Ruiz ,COL,Asiad Main Stadium ,Busan,GROUP STAGE,South Korea,Poland,35.19,129.058222
761,30957,5,6,2002,Peter Prendergast ,JAM,Ulsan Munsu Football Stadium ,Kobe,GROUP STAGE,Russia,Tunisia,35.535278,129.259444
762,37306,5,6,2002,Byron Moreno ,ECU,Suwon World Cup Stadium ,Suwon,GROUP STAGE,USA,Portugal,37.286278,127.036889
763,35854,5,6,2002,Kim Milton Nielsen ,DEN,Kashima Stadium ,Ibaraki,GROUP STAGE,Germany,Ireland,35.991744,140.640525
764,43500,6,6,2002,Carlos Batres ,GUA,Daegu World Cup Stadium ,Daegu,GROUP STAGE,Denmark,Senegal,35.829778,128.690306
765,52328,6,6,2002,Terje Hauge ,NOR,Saitama Sutajiamu 2002 ,Saitama,GROUP STAGE,Cameroon,Saudi Arabia,34.743222,137.970503
766,38289,6,6,2002,Felipe Ramos Rizo ,MEX,Asiad Main Stadium ,Busan,GROUP STAGE,France,Uruguay,35.19,129.058222
767,36194,7,6,2002,René Ortube ,BOL,Ulsan Munsu Football Stadium ,Kobe,GROUP STAGE,Sweden,Nigeria,35.535278,129.259444
768,24000,7,6,2002,Gamal el-Ghandour ,EGY,Jeonju World Cup Stadium ,Jeonju,GROUP STAGE,Spain,Paraguay,35.868111,127.064444
769,35927,7,6,2002,Pierluigi Collina ,ITA,Sapporo Dome ,Sapporo,GROUP STAGE,Argentina,England,43.015172,141.409767
770,47226,8,6,2002,Ãngel Osvaldo Sánchez ,ARG,Daegu World Cup Stadium ,Daegu,GROUP STAGE,South Africa,Slovenia,35.829778,128.690306
771,36472,8,6,2002,Graham Poll ,ENG,Kashima Stadium ,Ibaraki,GROUP STAGE,Italy,Croatia,35.991744,140.640525
772,36750,8,6,2002,Anders Frisk ,SWE,Jeju World Cup Stadium ,Seogwipo,GROUP STAGE,Brazil,China,33.246139,126.509206
773,45610,9,6,2002,Mourad Daami ,TUN,Miyagi Stadium ,Miyagi,GROUP STAGE,Mexico,Ecuador,38.335278,140.950278
774,42299,9,6,2002,Coffi Codjia ,BEN,Incheon Munhak Stadium ,Incheon,GROUP STAGE,Costa Rica,Turkey,37.435139,126.690806
775,66108,9,6,2002,Markus Merk ,GER,International Stadium Yokohama ,Yokohama,GROUP STAGE,Japan,Russia,35.510044,139.606247
776,60778,10,6,2002,Urs Meier ,SWI,Daegu World Cup Stadium ,Daegu,GROUP STAGE,South Korea,USA,35.829778,128.690306
777,39700,10,6,2002,Mark Shield ,AUS,Ōita Stadium ,Oita,GROUP STAGE,Tunisia,Belgium,33.200556,131.6575
778,31000,10,6,2002,Hugh Dallas ,SCO,Jeonju World Cup Stadium ,Jeonju,GROUP STAGE,Portugal,Poland,35.868111,127.064444
779,48100,11,6,2002,VÃ­tor Manuel Melo Pereira ,POR,Incheon Munhak Stadium ,Incheon,GROUP STAGE,Denmark,France,37.435139,126.690806
780,33681,11,6,2002,Jan Wegereef ,NED,Suwon World Cup Stadium ,Suwon,GROUP STAGE,Senegal,Uruguay,37.286278,127.036889
781,47085,11,6,2002,Antonio JesÃºs López Nieto ,SPA,Ecpoa Stadium ,Shizuoka,GROUP STAGE,Cameroon,Germany,34.743222,137.970503
782,65320,11,6,2002,Falla NâDoye ,SEN,International Stadium Yokohama ,Yokohama,GROUP STAGE,Saudi Arabia,Ireland,35.510044,139.606247
783,45777,12,6,2002,Ali Mohammed Bujsaim ,UAE,Miyagi Stadium ,Miyagi,GROUP STAGE,Sweden,Argentina,38.335278,140.950278
784,44864,12,6,2002,Brian Hall ,USA,Nagai Stadium ,Osaka,GROUP STAGE,Nigeria,England,34.614119,135.51845
785,31024,12,6,2002,Saad Kamel Mane ,KUW,Daejeon World Cup Stadium ,Daejeon,GROUP STAGE,South Africa,Spain,36.365139,127.325167
786,30176,12,6,2002,Felipe Ramos Rizo ,MEX,Jeju World Cup Stadium ,Seogwipo,GROUP STAGE,Slovenia,Paraguay,33.246139,126.509206
787,38524,13,6,2002,Gamal el-Ghandour ,EGY,Suwon World Cup Stadium ,Suwon,GROUP STAGE,Costa Rica,Brazil,37.286278,127.036889
788,43605,13,6,2002,Ãscar Julián Ruiz ,COL,Seoul World Cup Stadium ,Seoul,GROUP STAGE,Turkey,China,37.568222,126.897361
789,65862,13,6,2002,William Mattus ,CRC,International Stadium Yokohama ,Yokohama,GROUP STAGE,Ecuador,Croatia,35.510044,139.606247
790,39291,13,6,2002,Carlos EugÃªnio Simon ,BRA,Ōita Stadium ,Oita,GROUP STAGE,Mexico,Italy,33.200556,131.6575
791,46640,14,6,2002,Kim Milton Nielsen ,DEN,Ecpoa Stadium ,Shizuoka,GROUP STAGE,Belgium,Russia,34.743222,137.970503
792,45213,14,6,2002,Gilles Veissière ,FRA,Nagai Stadium ,Osaka,GROUP STAGE,Tunisia,Japan,34.614119,135.51845
793,26482,14,6,2002,LÃ¹ JÃ¹n ,CHN,Daejeon World Cup Stadium ,Daejeon,GROUP STAGE,Poland,USA,36.365139,127.325167
794,50239,14,6,2002,Ãngel Osvaldo Sánchez ,ARG,Incheon Munhak Stadium ,Incheon,GROUP STAGE,Portugal,South Korea,37.435139,126.690806
795,25176,15,6,2002,Carlos Batres ,GUA,Jeju World Cup Stadium ,Seogwipo,1/8 FINAL,Germany,Paraguay,33.246139,126.509206
796,40582,15,6,2002,Markus Merk ,GER,Tohoku Denryoku Big Swan Stadium ,Niigata,1/8 FINAL,Denmark,England,37.882614,139.059169
797,39747,16,6,2002,Ubaldo Aquino ,PAR,Ōita Stadium ,Oita,1/8 FINAL,Sweden,Senegal,33.200556,131.6575
798,38926,16,6,2002,Anders Frisk ,SWE,Suwon World Cup Stadium ,Suwon,1/8 FINAL,Spain,Ireland,37.286278,127.036889
799,36380,17,6,2002,VÃ­tor Manuel Melo Pereira ,POR,Jeonju World Cup Stadium ,Jeonju,1/8 FINAL,Mexico,USA,35.868111,127.064444
800,40440,17,6,2002,Peter Prendergast ,JAM,Ulsan Munsu Football Stadium ,Kobe,1/8 FINAL,Brazil,Belgium,35.535278,129.259444
801,45666,18,6,2002,Pierluigi Collina ,ITA,Miyagi Stadium ,Miyagi,1/8 FINAL,Japan,Turkey,38.335278,140.950278
802,38588,18,6,2002,Byron Moreno ,ECU,Daejeon World Cup Stadium ,Daejeon,1/8 FINAL,South Korea,Italy,36.365139,127.325167
803,47436,21,6,2002,Felipe Ramos Rizo ,MEX,Ecpoa Stadium ,Shizuoka,1/4 FINAL,England,Brazil,34.743222,137.970503
804,37337,21,6,2002,Hugh Dallas ,SCO,Ulsan Munsu Football Stadium ,Ulsan,1/4 FINAL,Germany,USA,35.535278,129.259444
805,42114,22,6,2002,Gamal el-Ghandour ,EGY,Gwangju World Cup Stadium ,Gwangju,1/4 FINAL,Spain,South Korea,35.133667,126.874861
806,44233,22,6,2002,Ãscar Julián Ruiz ,COL,Nagai Stadium ,Osaka,1/4 FINAL,Senegal,Turkey,34.614119,135.51845
807,65625,25,6,2002,Urs Meier ,SWI,Seoul World Cup Stadium ,Seoul,1/2 FINAL,Germany,South Korea,37.568222,126.897361
808,61058,26,6,2002,Kim Milton Nielsen ,DEN,Saitama Sutajiamu 2002 ,Saitama,1/2 FINAL,Brazil,Turkey,34.743222,137.970503
809,63483,29,6,2002,Saad Kamel Mane ,KUW,Daegu World Cup Stadium ,Daegu,PLACES 3-4,Turkey,South Korea,35.829778,128.690306
810,69029,30,6,2002,Pierluigi Collina ,ITA,International Stadium Yokohama ,Yokohama,FINAL,Brazil,Germany,35.510044,139.606247
811,16000,16,6,1954,Mervyn Griffiths ,WAL,Stade Olympique de la Pontaise ,Lausanne, GROUP STAGE,Yugoslavia,France,46.533333,6.624167
812,13000,16,6,1954,Paul Wyssling ,SWI,Les Charmilles ,Genève, GROUP STAGE,Brazil,Mexico,46.2091,6.1182
813,25000,16,6,1954,Laurent Franken ,BEL,Hardturm ,Zürich, GROUP STAGE,Austria,Scotland,47.393056,8.504722
814,20000,16,6,1954,Arthur Ellis ,ENG,Wankdorf ,Bern, GROUP STAGE,Uruguay,Czechoslovakia,46.962778,7.465
815,43000,17,6,1954,Mário GonÃ§alves Vianna ,BRA,Stade Olympique de la Pontaise ,Lausanne, GROUP STAGE,Switzerland,Italy,46.533333,6.624167
816,13000,17,6,1954,Raymond Vincenti ,FRA,Hardturm ,Zürich, GROUP STAGE,Hungary,South Korea,47.393056,8.504722
817,28000,17,6,1954,José da Costa ,POR,Wankdorf ,Bern, GROUP STAGE,FRG,Turkey,46.962778,7.465
818,14000,17,6,1954,Emil Schmetzer ,FRG,St. Jakob ,Basel, GROUP STAGE,England,Belgium,47.541575,7.620181
819,34000,19,6,1954,Vincenzo Orlandini ,ITA,St. Jakob ,Basel, GROUP STAGE,Uruguay,Scotland,47.541575,7.620181
820,25000,19,6,1954,Charles Faultless ,SCO,Stade Olympique de la Pontaise ,Lausanne, GROUP STAGE,Brazil,Yugoslavia,46.533333,6.624167
821,26000,19,6,1954,Vasa StefanoviÄ ,YUG,Hardt,,,,,,
